[
{
  "model": "accounts.user",
  "fields": {
    "password": "pbkdf2_sha256$870000$afrVDdamqEH0TeAMrQE7Js$BmNYb0rfH7zjTIz9wx/J/LF2hX5wJ4ZaRT9KhLBbIJE=",
    "firebase_uid": null,
    "email": "rfostanes@ssct.edu.ph",
    "username": "Renier",
    "first_name": "Renier",
    "last_name": "Fostanes",
    "role": "instructor",
    "program": "BSCS",
    "year_level": "3",
    "bio": "Dev_",
    "skills": [
      "Python",
      "C++"
    ],
    "career_interests": [],
    "followers_count": 0,
    "following_count": 0,
    "profile_picture": "profile_pictures/462544238_2048272875609572_574635282244102419_n.jpg",
    "is_active": true,
    "is_staff": true,
    "is_superuser": false,
    "created_at": "2025-11-15T08:28:27.630Z",
    "updated_at": "2025-12-13T15:54:24.055Z",
    "last_login": null,
    "groups": [],
    "user_permissions": []
  }
},
{
  "model": "accounts.user",
  "fields": {
    "password": "pbkdf2_sha256$870000$eoEw3zR5sGNGekXSmgkLfY$h8QH/XUDMPupIvTtTb8yup/3J2spsvjy3zmxSCWNHtI=",
    "firebase_uid": null,
    "email": "jfostanes@ssct.edu.ph",
    "username": "Ren2",
    "first_name": "Ren",
    "last_name": "Fostanes",
    "role": "student",
    "program": "BSCS",
    "year_level": "4",
    "bio": null,
    "skills": [],
    "career_interests": [],
    "followers_count": 0,
    "following_count": 0,
    "profile_picture": "",
    "is_active": true,
    "is_staff": false,
    "is_superuser": false,
    "created_at": "2025-11-26T10:16:05.274Z",
    "updated_at": "2025-11-26T10:16:05.274Z",
    "last_login": null,
    "groups": [],
    "user_permissions": []
  }
},
{
  "model": "accounts.user",
  "fields": {
    "password": "pbkdf2_sha256$870000$A2P432QjL1wHxFWJr8rzXo$cMcXAQYLYY/Se60Z3TIXoYBpoPv8+9i7VMINUr0HAdg=",
    "firebase_uid": null,
    "email": "mfostanes@ssct.edu.ph",
    "username": "Renier1",
    "first_name": "Renier Fostanes",
    "last_name": "Fostanes",
    "role": "student",
    "program": "BSCS",
    "year_level": "3",
    "bio": "A shit",
    "skills": [
      "python",
      "c++",
      "c#",
      "c",
      "java",
      "javascript"
    ],
    "career_interests": [],
    "followers_count": 0,
    "following_count": 0,
    "profile_picture": "profile_pictures/fostanes_bgr.png",
    "is_active": true,
    "is_staff": false,
    "is_superuser": false,
    "created_at": "2025-11-20T16:46:59.809Z",
    "updated_at": "2025-11-30T17:30:27.963Z",
    "last_login": null,
    "groups": [],
    "user_permissions": []
  }
},
{
  "model": "accounts.user",
  "fields": {
    "password": "pbkdf2_sha256$870000$aUygmlomkB35JZ7aHpoJ81$khlZmr4RhzTY+lcKDIn1s9aDcc8m8z/iQ8DCxesRbc8=",
    "firebase_uid": null,
    "email": "vfrancisco@ssct.edu.ph",
    "username": "Virn",
    "first_name": "Virnille",
    "last_name": "Francisco",
    "role": "student",
    "program": "BSIT",
    "year_level": "1",
    "bio": null,
    "skills": [],
    "career_interests": [],
    "followers_count": 0,
    "following_count": 0,
    "profile_picture": "profile_pictures/5ea8a8fc1a36fc254ecc7948dd0d3fce86e9ed3d_hq_TvQzNyz.jpg",
    "is_active": true,
    "is_staff": false,
    "is_superuser": false,
    "created_at": "2025-12-10T04:46:39.594Z",
    "updated_at": "2025-12-15T03:04:55.903Z",
    "last_login": null,
    "groups": [],
    "user_permissions": []
  }
},
{
  "model": "accounts.user",
  "fields": {
    "password": "pbkdf2_sha256$870000$TuqWFZhzGz7bUlg8Ahq2UV$FNYW5dss8obfhJh8zKYI4Di/luFv0WgZUeAkgZxdmyQ=",
    "firebase_uid": null,
    "email": "gruperez@ssct.edu.ph",
    "username": "Pablo Job",
    "first_name": "Gian Ross",
    "last_name": "Ruperez",
    "role": "student",
    "program": "BSCS",
    "year_level": "3",
    "bio": "",
    "skills": [
      "Flask"
    ],
    "career_interests": [],
    "followers_count": 0,
    "following_count": 0,
    "profile_picture": "profile_pictures/wallpapersden.com_sasuke-uchiha-art-new_1920x1080.jpg",
    "is_active": true,
    "is_staff": false,
    "is_superuser": false,
    "created_at": "2025-12-09T13:01:45.433Z",
    "updated_at": "2025-12-10T03:40:47.971Z",
    "last_login": null,
    "groups": [],
    "user_permissions": []
  }
},
{
  "model": "accounts.user",
  "fields": {
    "password": "pbkdf2_sha256$600000$UBHRz7SEhwIdmhb2SLJjnA$dCermk0bIqMj6AOCS3PVR9QIXbDBmSyIGREd7lYvuYM=",
    "firebase_uid": null,
    "email": "jatuel1@ssct.edu.ph",
    "username": "kimmy",
    "first_name": "Jillian",
    "last_name": "Atuel",
    "role": "student",
    "program": "BSCS",
    "year_level": "1",
    "bio": null,
    "skills": [],
    "career_interests": [],
    "followers_count": 0,
    "following_count": 0,
    "profile_picture": "",
    "is_active": true,
    "is_staff": false,
    "is_superuser": false,
    "created_at": "2025-11-10T03:22:50.829Z",
    "updated_at": "2025-11-10T03:22:50.829Z",
    "last_login": null,
    "groups": [],
    "user_permissions": []
  }
},
{
  "model": "accounts.user",
  "fields": {
    "password": "pbkdf2_sha256$870000$W5OkNFZEPT8Y9ihJSQgTmh$R1CtGpUUWHRWqBfqpjXsDyTeOxXIP/6wGpqPRQ31bmU=",
    "firebase_uid": null,
    "email": "jbecera@ssct.edu.ph",
    "username": "Law",
    "first_name": "John Anthony",
    "last_name": "Becera",
    "role": "student",
    "program": "BSCS",
    "year_level": "3",
    "bio": null,
    "skills": [],
    "career_interests": [],
    "followers_count": 0,
    "following_count": 0,
    "profile_picture": "profile_pictures/user3-128x128.jpg",
    "is_active": true,
    "is_staff": false,
    "is_superuser": false,
    "created_at": "2025-12-09T12:50:39.385Z",
    "updated_at": "2025-12-09T12:57:54.261Z",
    "last_login": null,
    "groups": [],
    "user_permissions": []
  }
},
{
  "model": "accounts.user",
  "fields": {
    "password": "pbkdf2_sha256$870000$cknMzaLOrTG98Q6VffZU2z$0f21vVBts2O9STN2EjYujsfMCuGn7GEazDwKNcGKBCg=",
    "firebase_uid": null,
    "email": "fostanesmarkrenier@gmail.com",
    "username": "admin",
    "first_name": "Shishui",
    "last_name": "Uchiha",
    "role": "admin",
    "program": "BSCS",
    "year_level": "3",
    "bio": "Dev_>",
    "skills": [
      "Python",
      "C++",
      "JavaScript",
      "HTML",
      "CSS",
      "React",
      "PostgreSQL"
    ],
    "career_interests": [],
    "followers_count": 0,
    "following_count": 0,
    "profile_picture": "profile_pictures/5ea8a8fc1a36fc254ecc7948dd0d3fce86e9ed3d_hq.jpg",
    "is_active": true,
    "is_staff": true,
    "is_superuser": true,
    "created_at": "2025-11-07T19:38:44.436Z",
    "updated_at": "2025-12-08T15:51:08.838Z",
    "last_login": "2025-11-10T05:49:15.936Z",
    "groups": [],
    "user_permissions": []
  }
},
{
  "model": "accounts.userprofile",
  "pk": 11,
  "fields": {
    "user": [
      "jatuel1@ssct.edu.ph"
    ],
    "github_username": null,
    "linkedin_url": null,
    "website_url": null,
    "location": null,
    "total_courses_completed": 0,
    "total_modules_completed": 0,
    "total_projects": 0,
    "total_posts": 0,
    "total_likes_received": 0,
    "total_comments": 0,
    "contribution_points": 0,
    "current_streak": 0,
    "longest_streak": 0,
    "certificates_earned": 0,
    "theme_preference": "dark",
    "profile_background": "gradient",
    "created_at": "2025-11-10T03:22:50.857Z",
    "updated_at": "2025-11-10T03:22:50.857Z"
  }
},
{
  "model": "accounts.userprofile",
  "pk": 14,
  "fields": {
    "user": [
      "rfostanes@ssct.edu.ph"
    ],
    "github_username": "@mrfost07",
    "linkedin_url": "",
    "website_url": "",
    "location": "",
    "total_courses_completed": 0,
    "total_modules_completed": 0,
    "total_projects": 0,
    "total_posts": 0,
    "total_likes_received": 0,
    "total_comments": 0,
    "contribution_points": 0,
    "current_streak": 0,
    "longest_streak": 0,
    "certificates_earned": 0,
    "theme_preference": "dark",
    "profile_background": "hyperspeed",
    "created_at": "2025-11-15T08:28:27.673Z",
    "updated_at": "2025-12-13T15:54:45.285Z"
  }
},
{
  "model": "accounts.userprofile",
  "pk": 16,
  "fields": {
    "user": [
      "mfostanes@ssct.edu.ph"
    ],
    "github_username": "mrfost07",
    "linkedin_url": "",
    "website_url": "fostanes.me",
    "location": "",
    "total_courses_completed": 1,
    "total_modules_completed": 0,
    "total_projects": 0,
    "total_posts": 0,
    "total_likes_received": 0,
    "total_comments": 0,
    "contribution_points": 0,
    "current_streak": 0,
    "longest_streak": 0,
    "certificates_earned": 0,
    "theme_preference": "dark",
    "profile_background": "hyperspeed",
    "created_at": "2025-11-20T16:46:59.908Z",
    "updated_at": "2025-12-08T18:35:28.190Z"
  }
},
{
  "model": "accounts.userprofile",
  "pk": 17,
  "fields": {
    "user": [
      "jfostanes@ssct.edu.ph"
    ],
    "github_username": null,
    "linkedin_url": null,
    "website_url": null,
    "location": null,
    "total_courses_completed": 1,
    "total_modules_completed": 0,
    "total_projects": 0,
    "total_posts": 0,
    "total_likes_received": 0,
    "total_comments": 0,
    "contribution_points": 0,
    "current_streak": 0,
    "longest_streak": 0,
    "certificates_earned": 0,
    "theme_preference": "dark",
    "profile_background": "gradient",
    "created_at": "2025-11-26T10:16:05.329Z",
    "updated_at": "2025-11-26T10:17:10.973Z"
  }
},
{
  "model": "accounts.userprofile",
  "pk": 18,
  "fields": {
    "user": [
      "fostanesmarkrenier@gmail.com"
    ],
    "github_username": "mrfost07",
    "linkedin_url": "",
    "website_url": "",
    "location": "",
    "total_courses_completed": 0,
    "total_modules_completed": 0,
    "total_projects": 0,
    "total_posts": 0,
    "total_likes_received": 0,
    "total_comments": 0,
    "contribution_points": 0,
    "current_streak": 0,
    "longest_streak": 0,
    "certificates_earned": 0,
    "theme_preference": "dark",
    "profile_background": "highway",
    "created_at": "2025-11-26T18:02:07.680Z",
    "updated_at": "2025-12-10T06:57:05.788Z"
  }
},
{
  "model": "accounts.userprofile",
  "pk": 19,
  "fields": {
    "user": [
      "jbecera@ssct.edu.ph"
    ],
    "github_username": null,
    "linkedin_url": null,
    "website_url": null,
    "location": null,
    "total_courses_completed": 0,
    "total_modules_completed": 0,
    "total_projects": 0,
    "total_posts": 0,
    "total_likes_received": 0,
    "total_comments": 0,
    "contribution_points": 0,
    "current_streak": 0,
    "longest_streak": 0,
    "certificates_earned": 0,
    "theme_preference": "dark",
    "profile_background": "golden",
    "created_at": "2025-12-09T12:50:39.495Z",
    "updated_at": "2025-12-09T12:57:58.384Z"
  }
},
{
  "model": "accounts.userprofile",
  "pk": 20,
  "fields": {
    "user": [
      "gruperez@ssct.edu.ph"
    ],
    "github_username": "",
    "linkedin_url": "",
    "website_url": "",
    "location": "",
    "total_courses_completed": 0,
    "total_modules_completed": 0,
    "total_projects": 0,
    "total_posts": 0,
    "total_likes_received": 0,
    "total_comments": 0,
    "contribution_points": 0,
    "current_streak": 0,
    "longest_streak": 0,
    "certificates_earned": 0,
    "theme_preference": "dark",
    "profile_background": "hyperspeed",
    "created_at": "2025-12-09T13:01:45.456Z",
    "updated_at": "2025-12-10T03:40:47.983Z"
  }
},
{
  "model": "accounts.userprofile",
  "pk": 21,
  "fields": {
    "user": [
      "vfrancisco@ssct.edu.ph"
    ],
    "github_username": null,
    "linkedin_url": null,
    "website_url": null,
    "location": null,
    "total_courses_completed": 0,
    "total_modules_completed": 0,
    "total_projects": 0,
    "total_posts": 0,
    "total_likes_received": 0,
    "total_comments": 0,
    "contribution_points": 0,
    "current_streak": 0,
    "longest_streak": 0,
    "certificates_earned": 0,
    "theme_preference": "dark",
    "profile_background": "hyperspeed",
    "created_at": "2025-12-10T04:46:39.754Z",
    "updated_at": "2025-12-10T04:55:08.736Z"
  }
},
{
  "model": "learning.careerpath",
  "pk": "3950ed27-33b9-48cf-9d77-a729f89cfcbf",
  "fields": {
    "name": "Comprehensive Data Structures for College Students",
    "slug": "comprehensive-data-structures-for-college-stude-ag",
    "description": "This course provides a foundational understanding of essential data structures, their implementations, and practical applications. Students will learn to analyze algorithmic efficiency and select appropriate data structures for various computational problems.",
    "program_type": "bscs",
    "difficulty_level": "beginner",
    "estimated_duration": 10,
    "total_modules": 0,
    "max_modules": 0,
    "points_reward": 100,
    "required_skills": [
      "Basic Programming (Python/Java/C++)",
      "Fundamental Programming Concepts (variables, loops, functions)",
      "Problem Solving"
    ],
    "icon": null,
    "color": "#6366f1",
    "certificate_template": "",
    "is_active": true,
    "is_featured": false,
    "created_at": "2025-12-14T15:30:42.662Z",
    "updated_at": "2025-12-14T15:30:42.663Z",
    "prerequisites": []
  }
},
{
  "model": "learning.careerpath",
  "pk": "ec490f52-a98d-4e1e-87f2-91eb8dce16e6",
  "fields": {
    "name": "Python Programming Fundamentals",
    "slug": "python-programming-fundamentals",
    "description": "A beginner-friendly Python fundamentals course covering core concepts from variables to functions, with short lessons and simple quizzes for each module.\r\n\r\nModule Titles\r\n\r\nModule 1: Variables and Data Types\r\n\r\nModule 2: Operators and Expressions\r\n\r\nModule 3: Control Flow (If Statements)\r\n\r\nModule 4: Loops (For and While)\r\n\r\nModule 5: Functions and Basic Input/Output",
    "program_type": "general",
    "difficulty_level": "beginner",
    "estimated_duration": 1,
    "total_modules": 0,
    "max_modules": 5,
    "points_reward": 100,
    "required_skills": [],
    "icon": null,
    "color": "#6366f1",
    "certificate_template": "certificates/templates/certificate_S5MkBaA.png",
    "is_active": true,
    "is_featured": true,
    "created_at": "2025-12-13T12:24:42.503Z",
    "updated_at": "2025-12-13T12:24:49.124Z",
    "prerequisites": []
  }
},
{
  "model": "learning.learningmodule",
  "pk": "26b25227-4a6e-4ef8-91be-5fc6661a33d6",
  "fields": {
    "career_path": "ec490f52-a98d-4e1e-87f2-91eb8dce16e6",
    "title": "Module 2: Operators and Expressions",
    "description": "Covers arithmetic, comparison, and logical operators used to build simple expressions.",
    "module_type": "text",
    "difficulty_level": "beginner",
    "content": "<div class=\"module-slide\" data-slide=\"1\">\r\n        <h2 class=\"slide-title\">Operators and Expressions Overview</h2>\r\n        <div class=\"slide-content\">\r\n          <h1>Operators and Expressions</h1><p>This module provides an overview of operators and expressions, fundamental building blocks in programming.</p><p>Operators are special symbols or keywords that perform operations on operands (values or variables). Expressions are combinations of operators and operands that evaluate to a value.</p>\r\n        </div>\r\n        <hr class=\"slide-separator\" />\r\n      </div>\r\n    \r\n\r\n      <div class=\"module-slide\" data-slide=\"2\">\r\n        <h2 class=\"slide-title\">Arithmetic Operators</h2>\r\n        <div class=\"slide-content\">\r\n          <h2>Arithmetic Operators</h2><p>Arithmetic operators are used to perform mathematical calculations.</p><ul><li><strong>Addition (+):</strong> Adds two operands.</li><li><strong>Subtraction (-):</strong> Subtracts the second operand from the first.</li><li><strong>Multiplication (*):</strong> Multiplies two operands.</li><li><strong>Division (/):</strong> Divides the first operand by the second.</li><li><strong>Modulo (%):</strong> Returns the remainder of a division.</li></ul>\r\n        </div>\r\n        <hr class=\"slide-separator\" />\r\n      </div>\r\n    \r\n\r\n      <div class=\"module-slide\" data-slide=\"3\">\r\n        <h2 class=\"slide-title\">Comparison Operators</h2>\r\n        <div class=\"slide-content\">\r\n          <h2>Comparison Operators</h2><p>Comparison operators compare two operands and return a boolean value (true or false).</p><ul><li><strong>Equal to (==):</strong> Checks if two operands are equal.</li><li><strong>Not equal to (!=):</strong> Checks if two operands are not equal.</li><li><strong>Greater than (&gt;):</strong> Checks if the first operand is greater than the second.</li><li><strong>Less than (&lt;):</strong> Checks if the first operand is less than the second.</li><li><strong>Greater than or equal to (&gt;=):</strong> Checks if the first operand is greater than or equal to the second.</li><li><strong>Less than or equal to (&lt;=):</strong> Checks if the first operand is less than or equal to the second.</li></ul>\r\n        </div>\r\n        <hr class=\"slide-separator\" />\r\n      </div>\r\n    \r\n\r\n      <div class=\"module-slide\" data-slide=\"4\">\r\n        <h2 class=\"slide-title\">Logical Operators</h2>\r\n        <div class=\"slide-content\">\r\n          <h2>Logical Operators</h2><p>Logical operators combine two or more conditions to produce a single boolean result.</p><ul><li><strong>AND (&amp;&amp; or and):</strong> Returns true if both operands are true.</li><li><strong>OR (|| or or):</strong> Returns true if at least one of the operands is true.</li><li><strong>NOT (! or not):</strong> Returns the opposite of the operand's boolean value.</li></ul>\r\n        </div>\r\n        <hr class=\"slide-separator\" />\r\n      </div>\r\n    \r\n\r\n      <div class=\"module-slide\" data-slide=\"5\">\r\n        <h2 class=\"slide-title\">Example Expression</h2>\r\n        <div class=\"slide-content\">\r\n          <h2>Example: x &gt; y</h2><p>This is a simple expression that uses the 'greater than' comparison operator (&gt;).</p><p>It evaluates to true if the value of variable x is greater than the value of variable y. Otherwise, it evaluates to false.</p>\r\n        </div>\r\n        \r\n      </div>",
    "file": "module_files/Module2_Lesson.pdf",
    "duration_minutes": 1,
    "points_reward": 10,
    "order": 1,
    "is_locked": true,
    "created_at": "2025-12-13T16:25:01.536Z",
    "updated_at": "2025-12-13T16:25:01.536Z",
    "prerequisites": []
  }
},
{
  "model": "learning.learningmodule",
  "pk": "2f14848a-3f03-4a6f-912e-74719d18422a",
  "fields": {
    "career_path": "ec490f52-a98d-4e1e-87f2-91eb8dce16e6",
    "title": "Module 1: Variables and Data Types",
    "description": "Introduces Python variables and the basic data types used to store and manage information.",
    "module_type": "text",
    "difficulty_level": "beginner",
    "content": "<div class=\"module-slide\" data-slide=\"1\">\r\n        <h2 class=\"slide-title\">Variables in Python</h2>\r\n        <div class=\"slide-content\">\r\n          <h1>Variables in Python</h1><p>Python uses variables to store data. A variable is a named storage location in a computer's memory.</p><p>Variables are assigned values using the equals (=) sign. For example:</p><pre class=\"ql-syntax\" spellcheck=\"false\">x = 10\r\n</pre><p>In this example, the variable x is assigned the integer value 10.</p>\r\n        </div>\r\n        <hr class=\"slide-separator\" />\r\n      </div>\r\n    \r\n\r\n      <div class=\"module-slide\" data-slide=\"2\">\r\n        <h2 class=\"slide-title\">Common Data Types</h2>\r\n        <div class=\"slide-content\">\r\n          <h1>Common Data Types in Python</h1><p>Python supports several built-in data types. Here are some of the most common:</p><ul><li>int: Represents integer numbers (e.g., 10, -5, 0).</li><li>float: Represents floating-point numbers (e.g., 3.14, -2.5).</li><li>str: Represents text strings (e.g., \"Hello\", \"Python\").</li><li>bool: Represents boolean values, either True or False.</li></ul><p>The data type of a variable determines the type of values it can store and the operations that can be performed on it.</p>\r\n        </div>\r\n        \r\n      </div>",
    "file": "module_files/Module1_Lesson.pdf",
    "duration_minutes": 30,
    "points_reward": 10,
    "order": 0,
    "is_locked": true,
    "created_at": "2025-12-13T12:27:08.427Z",
    "updated_at": "2025-12-13T14:58:10.401Z",
    "prerequisites": []
  }
},
{
  "model": "learning.learningmodule",
  "pk": "694f673a-1331-4396-a580-c8096e8b6956",
  "fields": {
    "career_path": "3950ed27-33b9-48cf-9d77-a729f89cfcbf",
    "title": "Module 3: Advanced Data Structures: Hashing and Graphs",
    "description": "Conclude the course by exploring highly efficient data structures for search and retrieval with Hash Tables, and powerful structures for modeling complex relationships with Graphs, covering their representations, traversal algorithms, and key applications.",
    "module_type": "text",
    "difficulty_level": "intermediate",
    "content": "<div class=\"module-slide\" data-slide=\"1\">\n        <h2 class=\"slide-title\">Introduction to Data Structures</h2>\n        <div class=\"slide-content\">\n          <h2>Hash Tables: Efficient Key-Value Storage</h2><p>Hash tables (also known as hash maps or dictionaries) are powerful data structures that implement an associative array abstract data type. They store data in key-value pairs, allowing for very fast average-case retrieval, insertion, and deletion of elements, often approaching O(1) complexity. This makes them incredibly useful for tasks requiring quick lookups, such as caching, database indexing, and implementing symbol tables in compilers.</p><h3>How Hash Tables Work:</h3><p>The core idea behind a hash table is to use a 'hash function' to map keys to indices in an array (the 'hash table' or 'bucket array'). When you want to store a key-value pair, the hash function computes an index for the key, and the value is stored at that index. To retrieve the value, the same hash function is used to compute the index, and the value is retrieved directly.</p><h4>Hash Function:</h4><p>A good hash function should:</p><ul><li>Be fast to compute.</li><li>Distribute keys uniformly across the array to minimize collisions.</li><li>Produce the same hash value for the same key consistently.</li></ul><h4>Collision Resolution:</h4><p>A 'collision' occurs when two different keys hash to the same index in the array. Since two distinct items cannot occupy the same array slot, collision resolution strategies are necessary.</p><ul><li><strong>Chaining:</strong> Each array slot stores a linked list (or another dynamic data structure like a dynamic array). When a collision occurs, the new key-value pair is simply added to the linked list at that index.</li><li><strong>Open Addressing:</strong> All elements are stored directly within the hash table array itself. When a collision occurs, the algorithm 'probes' for an alternative empty slot.</li><li class=\"ql-indent-1\"><strong>Linear Probing:</strong> Search for the next available slot sequentially (index + 1, index + 2, ...). Can lead to 'primary clustering' where records tend to group together.</li><li class=\"ql-indent-1\"><strong>Quadratic Probing:</strong> Search for slots at index + 1², index + 2², index + 3², etc. Reduces primary clustering but can suffer from 'secondary clustering'.</li><li class=\"ql-indent-1\"><strong>Double Hashing:</strong> Uses a second hash function to determine the step size for probing, providing better distribution.</li></ul><p><strong>Example (Conceptual Hashing in Python Dictionary):</strong></p><pre class=\"ql-syntax\" spellcheck=\"false\"># Python dictionaries are implemented using hash tables\nmy_dict = {\n \"apple\": 1,\n \"banana\": 2,\n \"cherry\": 3\n}\n\nprint(my_dict[\"banana\"]) # O(1) average case -&gt; Output: 2\n\nmy_dict[\"date\"] = 4 # O(1) average case\nprint(my_dict)\n</pre><h4>Load Factor:</h4><p>The load factor (number of items / number of slots) is crucial for hash table performance. A high load factor increases the probability of collisions and can degrade performance towards O(n) in the worst case for open addressing. When the load factor exceeds a certain threshold, hash tables are typically resized (similar to dynamic arrays) and all elements are rehashed into the new, larger table.</p><h3>Graphs: Modeling Relationships</h3><p>Graphs are non-linear data structures used to represent relationships between entities. They consist of a set of 'vertices' (or nodes) and a set of 'edges' that connect pairs of vertices. Graphs are incredibly versatile and model a vast array of real-world scenarios, such as social networks, road maps, communication networks, and dependencies between tasks.</p><h4>Graph Terminology:</h4><ul><li><strong>Vertex (Node):</strong> An entity in the graph.</li><li><strong>Edge (Arc):</strong> A connection between two vertices.</li><li><strong>Directed Graph:</strong> Edges have a direction (e.g., A -&gt; B means a path from A to B, but not necessarily B to A).</li><li><strong>Undirected Graph:</strong> Edges have no direction (e.g., A - B means A is connected to B, and B is connected to A).</li><li><strong>Weighted Graph:</strong> Edges have an associated cost or weight.</li><li><strong>Path:</strong> A sequence of vertices connected by edges.</li><li><strong>Cycle:</strong> A path that starts and ends at the same vertex.</li><li><strong>Degree of a Vertex:</strong> The number of edges connected to it (in-degree and out-degree for directed graphs).</li></ul><h4>Graph Representations:</h4><p>How we store a graph in memory significantly impacts the efficiency of various graph algorithms.</p><ul><li><strong>Adjacency Matrix:</strong> A 2D array (matrix) where `matrix[i], [j]` is 1 (or the weight) if there's an edge from vertex `i` to vertex `j`, and 0 otherwise.</li><li class=\"ql-indent-1\"><strong>Pros:</strong> Fast lookup for existence of an edge (O(1)). Simple to implement.</li><li class=\"ql-indent-1\"><strong>Cons:</strong> High space complexity (O(V²), where V is the number of vertices), especially for sparse graphs (graphs with few edges).</li><li><strong>Adjacency List:</strong> An array (or hash map) where each index (or key) represents a vertex, and the value at that index is a list (or linked list) of its adjacent vertices.</li><li class=\"ql-indent-1\"><strong>Pros:</strong> Space-efficient for sparse graphs (O(V + E), where E is the number of edges). Efficient for iterating over a vertex's neighbors.</li><li class=\"ql-indent-1\"><strong>Cons:</strong> Checking for the existence of an edge between two specific vertices can be O(degree of vertex).</li></ul><p><strong>Example (Adjacency List in Python):</strong></p><pre class=\"ql-syntax\" spellcheck=\"false\"># Representing an undirected graph\ngraph = {\n 'A': ['B', 'C'],\n 'B': ['A', 'D', 'E'],\n 'C': ['A', 'F'],\n 'D': ['B'],\n 'E': ['B', 'F'],\n 'F': ['C', 'E']\n}\nprint(graph)\n</pre><h4>Graph Traversal Algorithms:</h4><p>Exploring all vertices and edges in a graph systematically is crucial for many graph problems.</p><ul><li><strong>Breadth-First Search (BFS):</strong> Explores the graph level by level. It starts at a source vertex, visits all its immediate neighbors, then all their unvisited neighbors, and so on. BFS uses a queue to manage the order of visiting vertices. Useful for finding the shortest path in unweighted graphs.</li><li><strong>Depth-First Search (DFS):</strong> Explores as far as possible along each branch before backtracking. It starts at a source vertex, goes deep into one path until it hits a dead end, then backtracks to explore other paths. DFS typically uses a stack (or recursion, which uses the call stack). Useful for topological sorting, cycle detection, and finding connected components.</li></ul><p><strong>Example (Conceptual BFS):</strong></p><pre class=\"ql-syntax\" spellcheck=\"false\">from collections import deque\n\ndef bfs(graph, start_node):\n visited = set()\n queue = deque([start_node])\n visited.add(start_node)\n\n while queue:\n current_node = queue.popleft()\n print(current_node, end=\" \")\n\n for neighbor in graph[current_node]:\n if neighbor not in visited:\n visited.add(neighbor)\n queue.append(neighbor)\n\n# bfs(graph, 'A')\n</pre><h4>Advanced Graph Algorithms (Conceptual Overview):</h4><ul><li><strong>Shortest Path Algorithms:</strong></li><li class=\"ql-indent-1\"><strong>Dijkstra's Algorithm:</strong> Finds the shortest paths from a single source vertex to all other vertices in a weighted graph with non-negative edge weights.</li><li class=\"ql-indent-1\"><strong>Bellman-Ford Algorithm:</strong> Finds shortest paths from a single source to all other vertices, even with negative edge weights (and can detect negative cycles).</li><li class=\"ql-indent-1\"><strong>Floyd-Warshall Algorithm:</strong> Finds shortest paths between all pairs of vertices in a weighted graph.</li><li><strong>Minimum Spanning Tree (MST) Algorithms:</strong> For a connected, undirected, weighted graph, an MST is a subgraph that is a tree, connects all the vertices, and has the minimum possible total edge weight.</li><li class=\"ql-indent-1\"><strong>Prim's Algorithm:</strong> Builds the MST by starting from an arbitrary vertex and iteratively adding the cheapest edge that connects a vertex in the MST to a vertex outside the MST.</li><li class=\"ql-indent-1\"><strong>Kruskal's Algorithm:</strong> Builds the MST by adding edges in increasing order of weight, as long as they don't form a cycle.</li></ul><p>This module concludes our exploration of fundamental data structures. The knowledge gained here is paramount for designing efficient algorithms and solving complex computational problems across various domains of computer science.</p>\n        </div>\n        \n      </div>",
    "file": "",
    "duration_minutes": 240,
    "points_reward": 10,
    "order": 2,
    "is_locked": false,
    "created_at": "2025-12-14T15:30:55.392Z",
    "updated_at": "2025-12-14T15:30:55.392Z",
    "prerequisites": []
  }
},
{
  "model": "learning.learningmodule",
  "pk": "90be9a89-e07f-4fe2-a41b-1230a42229ea",
  "fields": {
    "career_path": "3950ed27-33b9-48cf-9d77-a729f89cfcbf",
    "title": "Module 2: Abstract Data Types & Hierarchical Structures",
    "description": "Delve into common Abstract Data Types (ADTs) such as Stacks and Queues, and then explore non-linear hierarchical data structures including various types of trees and heaps, understanding their properties and applications.",
    "module_type": "text",
    "difficulty_level": "intermediate",
    "content": "<div class=\"module-slide\" data-slide=\"1\">\n        <h2 class=\"slide-title\">Introduction to Data Structures</h2>\n        <div class=\"slide-content\">\n          <h2>Abstract Data Types (ADTs)</h2><p>Before diving into more complex data structures, it's essential to understand the concept of an Abstract Data Type (ADT). An ADT defines a logical description of how data is viewed and the operations that can be performed on it, without specifying how these operations are implemented. It focuses on 'what' the data structure does, rather than 'how' it does it. This abstraction allows developers to work with data structures at a higher level, promoting modularity and flexibility in design. Stacks and Queues are classic examples of ADTs.</p><h3>Stacks: Last-In, First-Out (LIFO)</h3><p>A stack is a linear data structure that follows the Last-In, First-Out (LIFO) principle. Imagine a pile of plates: you can only add a new plate on top, and you can only remove the topmost plate. The element inserted last is the first one to be removed. Stacks are fundamental in many computing applications, including managing function calls (the call stack), undo/redo functionalities in software, and expression evaluation.</p><h4>Stack Operations:</h4><ul><li><strong>Push(element):</strong> Adds an element to the top of the stack.</li><li><strong>Pop():</strong> Removes and returns the top element from the stack.</li><li><strong>Peek()/Top():</strong> Returns the top element without removing it.</li><li><strong>IsEmpty():</strong> Checks if the stack is empty.</li><li><strong>Size():</strong> Returns the number of elements in the stack.</li></ul><h4>Implementation:</h4><p>Stacks can be implemented using either arrays (or dynamic arrays) or linked lists.</p><ul><li><strong>Array-based Stack:</strong> Simple to implement, efficient for `push` and `pop` (O(1) amortized for dynamic arrays), but may require resizing.</li><li><strong>Linked List-based Stack:</strong> Each `push` and `pop` operation involves manipulating the head of the list, resulting in O(1) complexity without resizing issues, but with higher memory overhead per node.</li></ul><p><strong>Example (Python List as Stack):</strong></p><pre class=\"ql-syntax\" spellcheck=\"false\">stack = []\n\n# Push operation\nstack.append(10) # O(1) amortized\nstack.append(20)\nstack.append(30)\nprint(\"Stack after pushes:\", stack) # Output: [10, 20, 30]\n\n# Pop operation\nprint(\"Popped element:\", stack.pop()) # O(1) -&gt; Output: 30\nprint(\"Stack after pop:\", stack) # Output: [10, 20]\n\n# Peek operation\nif stack:\n print(\"Top element:\", stack[-1]) # O(1) -&gt; Output: 20\n</pre><h3>Queues: First-In, First-Out (FIFO)</h3><p>A queue is another linear data structure that adheres to the First-In, First-Out (FIFO) principle. Think of a line at a ticket counter: the first person in line is the first person to be served. Elements are added to the 'rear' (enqueue) and removed from the 'front' (dequeue). Queues are widely used in operating systems for task scheduling, handling network packets, and in breadth-first search algorithms.</p><h4>Queue Operations:</h4><ul><li><strong>Enqueue(element):</strong> Adds an element to the rear of the queue.</li><li><strong>Dequeue():</strong> Removes and returns the front element from the queue.</li><li><strong>Front()/Peek():</strong> Returns the front element without removing it.</li><li><strong>IsEmpty():</strong> Checks if the queue is empty.</li><li><strong>Size():</strong> Returns the number of elements in the queue.</li></ul><h4>Implementation:</h4><p>Queues can also be implemented using arrays (often circular arrays to optimize `dequeue`) or linked lists.</p><ul><li><strong>Array-based Queue:</strong> Can be efficient but often requires careful management of front/rear pointers and handling wraparound for circular arrays. Dequeuing from a standard array can be O(n) due to shifting, hence circular arrays are preferred.</li><li><strong>Linked List-based Queue:</strong> Uses two pointers, one for the front and one for the rear. Both `enqueue` and `dequeue` can be O(1) as they involve simple pointer manipulations at the ends of the list.</li></ul><p><strong>Example (Python `collections.deque` as Queue):</strong></p><pre class=\"ql-syntax\" spellcheck=\"false\">from collections import deque\n\nqueue = deque()\n\n# Enqueue operation\nqueue.append(100) # O(1)\nqueue.append(200)\nqueue.append(300)\nprint(\"Queue after enqueues:\", queue) # Output: deque([100, 200, 300])\n\n# Dequeue operation\nprint(\"Dequeued element:\", queue.popleft()) # O(1) -&gt; Output: 100\nprint(\"Queue after dequeue:\", queue) # Output: deque([200, 300])\n\n# Peek operation\nif queue:\n print(\"Front element:\", queue[0]) # O(1) -&gt; Output: 200\n</pre><h3>Trees: Hierarchical Structures</h3><p>Trees are non-linear data structures that simulate hierarchical relationships. Unlike linear data structures like arrays or linked lists, trees have a branching structure. Each tree has a 'root' node at the top, and each node can have zero or more 'child' nodes. Trees are used in many applications, such as file systems, XML/HTML parsing, and representing organizational structures.</p><h4>Tree Terminology:</h4><ul><li><strong>Root:</strong> The topmost node of a tree.</li><li><strong>Node:</strong> An entity in a tree that stores data and references to its children.</li><li><strong>Parent:</strong> A node that has child nodes.</li><li><strong>Child:</strong> A node directly connected to another node one level below it.</li><li><strong>Sibling:</strong> Nodes that share the same parent.</li><li><strong>Leaf:</strong> A node with no children.</li><li><strong>Edge:</strong> The link between two nodes.</li><li><strong>Path:</strong> A sequence of connected nodes.</li><li><strong>Depth of a node:</strong> The length of the path from the root to that node.</li><li><strong>Height of a tree:</strong> The length of the longest path from the root to a leaf.</li></ul><h4>Binary Trees:</h4><p>A binary tree is a special type of tree where each node has at most two children, referred to as the 'left child' and the 'right child'.</p><p><strong>Node Structure for Binary Tree:</strong></p><pre class=\"ql-syntax\" spellcheck=\"false\">class TreeNode:\n def __init__(self, data):\n self.data = data\n self.left = None\n self.right = None\n</pre><h4>Binary Tree Traversal Methods:</h4><p>There are three common ways to traverse (visit all nodes) a binary tree:</p><ul><li><strong>In-order Traversal (Left -&gt; Root -&gt; Right):</strong> Visits the left subtree, then the root, then the right subtree. For a Binary Search Tree, this yields elements in sorted order.</li><li><strong>Pre-order Traversal (Root -&gt; Left -&gt; Right):</strong> Visits the root first, then the left subtree, then the right subtree. Useful for creating a copy of the tree.</li><li><strong>Post-order Traversal (Left -&gt; Right -&gt; Root):</strong> Visits the left subtree, then the right subtree, then the root. Useful for deleting nodes.</li></ul><p><strong>Example (In-order Traversal):</strong></p><pre class=\"ql-syntax\" spellcheck=\"false\">def inorder_traversal(node):\n if node:\n inorder_traversal(node.left)\n print(node.data, end=\" \")\n inorder_traversal(node.right)\n\n# Assuming 'root' is the root of a binary tree\n# inorder_traversal(root)\n</pre><h4>Binary Search Trees (BSTs):</h4><p>A Binary Search Tree (BST) is a binary tree with an additional property: for every node, all values in its left subtree are less than the node's value, and all values in its right subtree are greater than the node's value. This property makes searching, insertion, and deletion operations very efficient (O(log n) on average for balanced trees). However, in the worst case (e.g., a skewed tree), these operations can degrade to O(n).</p><h3>Heaps: Priority Queue Implementation</h3><p>A heap is a specialized tree-based data structure that satisfies the 'heap property'. In a max-heap, for any given node `i`, the value of `i` is greater than or equal to the values of its children. In a min-heap, the value of `i` is less than or equal to the values of its children. Heaps are typically implemented using arrays, leveraging the fact that a complete binary tree (which a heap is) can be efficiently mapped to an array.</p><h4>Heap Properties:</h4><ul><li><strong>Shape Property:</strong> A heap is a complete binary tree (all levels are completely filled, except possibly the last level, which is filled from left to right).</li><li><strong>Heap Property:</strong> Parent nodes are always greater than (max-heap) or less than (min-heap) their children.</li></ul><h4>Heap Operations:</h4><ul><li><strong>Insert:</strong> Add a new element and maintain the heap property (O(log n)).</li><li><strong>Delete (Max/Min):</strong> Remove the root element (max for max-heap, min for min-heap) and maintain the heap property (O(log n)).</li><li><strong>Heapify:</strong> Convert an arbitrary array into a heap (O(n)).</li></ul><p>Heaps are primarily used to implement Priority Queues, where elements are retrieved based on their priority, not their insertion order. They are also the core of the Heap Sort algorithm, which has an O(n log n) time complexity.</p>\n        </div>\n        \n      </div>",
    "file": "",
    "duration_minutes": 240,
    "points_reward": 10,
    "order": 1,
    "is_locked": false,
    "created_at": "2025-12-14T15:30:52.796Z",
    "updated_at": "2025-12-14T15:30:52.796Z",
    "prerequisites": []
  }
},
{
  "model": "learning.learningmodule",
  "pk": "95821a21-a707-406a-813e-3dff018b6a09",
  "fields": {
    "career_path": "ec490f52-a98d-4e1e-87f2-91eb8dce16e6",
    "title": "Module 3: Control Flow (If Statements)",
    "description": "Teaches decision-making in Python using conditional statements.",
    "module_type": "text",
    "difficulty_level": "beginner",
    "content": "<div class=\"module-slide\" data-slide=\"1\">\r\n        <h2 class=\"slide-title\">if Statements for Decision Making</h2>\r\n        <div class=\"slide-content\">\r\n          <p><strong>if statements</strong> allow decision-making in your code. They execute a block of code only if a specified condition is true.</p>\r\n        </div>\r\n        <hr class=\"slide-separator\" />\r\n      </div>\r\n    \r\n\r\n      <div class=\"module-slide\" data-slide=\"2\">\r\n        <h2 class=\"slide-title\">elif for Additional Conditions</h2>\r\n        <div class=\"slide-content\">\r\n          <p><strong>elif</strong> (short for 'else if') adds additional conditions to your if statements. It checks the next condition if the previous ones were false.</p>\r\n        </div>\r\n        <hr class=\"slide-separator\" />\r\n      </div>\r\n    \r\n\r\n      <div class=\"module-slide\" data-slide=\"3\">\r\n        <h2 class=\"slide-title\">else for Default Cases</h2>\r\n        <div class=\"slide-content\">\r\n          <p><strong>else</strong> runs a block of code if none of the conditions in the if or elif statements are met. It's often used as a default case.</p>\r\n        </div>\r\n        \r\n      </div>",
    "file": "module_files/Module3_Lesson.pdf",
    "duration_minutes": 1,
    "points_reward": 10,
    "order": 2,
    "is_locked": true,
    "created_at": "2025-12-13T16:35:58.724Z",
    "updated_at": "2025-12-13T16:35:58.725Z",
    "prerequisites": []
  }
},
{
  "model": "learning.learningmodule",
  "pk": "a476cf27-a04b-476e-9611-72e71d5c2945",
  "fields": {
    "career_path": "ec490f52-a98d-4e1e-87f2-91eb8dce16e6",
    "title": "Module 5: Functions and Basic Input/Output",
    "description": "Demonstrates how to create reusable functions and interact with users through input and output.",
    "module_type": "text",
    "difficulty_level": "beginner",
    "content": "<div class=\"module-slide\" data-slide=\"1\">\r\n        <h2 class=\"slide-title\">Introduction to Functions</h2>\r\n        <div class=\"slide-content\">\r\n          <p>Functions group reusable code. Use def to define a function in Python.</p>\r\n        </div>\r\n        <hr class=\"slide-separator\" />\r\n      </div>\r\n    \r\n\r\n      <div class=\"module-slide\" data-slide=\"2\">\r\n        <h2 class=\"slide-title\">User Input with input()</h2>\r\n        <div class=\"slide-content\">\r\n          <p>The input() function gets user input in Python.</p>\r\n        </div>\r\n        <hr class=\"slide-separator\" />\r\n      </div>\r\n    \r\n\r\n      <div class=\"module-slide\" data-slide=\"3\">\r\n        <h2 class=\"slide-title\">Displaying Output with print()</h2>\r\n        <div class=\"slide-content\">\r\n          <p>The print() function displays output in Python.</p>\r\n        </div>\r\n        \r\n      </div>",
    "file": "module_files/Module5_Lesson_9mtmWjW.pdf",
    "duration_minutes": 2,
    "points_reward": 10,
    "order": 4,
    "is_locked": true,
    "created_at": "2025-12-14T04:31:17.459Z",
    "updated_at": "2025-12-14T04:31:17.460Z",
    "prerequisites": []
  }
},
{
  "model": "learning.learningmodule",
  "pk": "ae77b423-b060-4c4f-b56f-ed639948eaa0",
  "fields": {
    "career_path": "ec490f52-a98d-4e1e-87f2-91eb8dce16e6",
    "title": "Module 4: Loops (For and While)",
    "description": "Explains how to repeat actions efficiently using loops.",
    "module_type": "text",
    "difficulty_level": "beginner",
    "content": "<div class=\"module-slide\" data-slide=\"1\">\r\n        <h2 class=\"slide-title\">Introduction to Loops</h2>\r\n        <div class=\"slide-content\">\r\n          <h1>Introduction to Loops</h1><p>Loops are fundamental programming constructs that allow you to repeat a block of code multiple times. This repetition can be based on a fixed number of iterations or until a specific condition is met.</p><p>This module will cover two primary types of loops: for loops and while loops.</p>\r\n        </div>\r\n        <hr class=\"slide-separator\" />\r\n      </div>\r\n    \r\n\r\n      <div class=\"module-slide\" data-slide=\"2\">\r\n        <h2 class=\"slide-title\">For Loops</h2>\r\n        <div class=\"slide-content\">\r\n          <h1>For Loops</h1>\r\n<p><code>for</code> loops are used to iterate a sequence (like a list, tuple, string, or range) a <b>fixed</b> number of times.  The loop executes once for each item in the sequence.</p>\r\n<p>Example (Python):</p>\r\n<pre><code>for i in range(5):\r\n    print(i) # Prints 0, 1, 2, 3, 4</code></pre>\r\n<p>In this example, the loop will execute 5 times, with <code>i</code> taking on the values 0 through 4.</p>\r\n        </div>\r\n        <hr class=\"slide-separator\" />\r\n      </div>\r\n    \r\n\r\n      <div class=\"module-slide\" data-slide=\"3\">\r\n        <h2 class=\"slide-title\">While Loops</h2>\r\n        <div class=\"slide-content\">\r\n          <h1>While Loops</h1>\r\n<p><code>while</code> loops repeat a block of code as long as a specified condition is <b>true</b>.  The loop continues executing until the condition becomes false.</p>\r\n<p>Example (Python):</p>\r\n<pre><code>count = 0\r\nwhile count < 5:\r\n    print(count)\r\n    count += 1 # Important: Increment the counter!</code></pre>\r\n<p>In this example, the loop will continue executing as long as <code>count</code> is less than 5.  It's <b>crucial</b> to update the condition variable (<code>count</code> in this case) within the loop; otherwise, the loop will run infinitely!</p>\r\n        </div>\r\n        <hr class=\"slide-separator\" />\r\n      </div>\r\n    \r\n\r\n      <div class=\"module-slide\" data-slide=\"4\">\r\n        <h2 class=\"slide-title\">The range() Function</h2>\r\n        <div class=\"slide-content\">\r\n          <h1>The <code>range()</code> Function</h1>\r\n<p>The <code>range()</code> function is commonly used with <code>for</code> loops to control the number of iterations.  It generates a sequence of numbers.</p>\r\n<p>Syntax:</p>\r\n<ul>\r\n    <li><code>range(stop)</code>: Generates numbers from 0 up to (but not including) <code>stop</code>.</li>\r\n    <li><code>range(start, stop)</code>: Generates numbers from <code>start</code> up to (but not including) <code>stop</code>.</li>\r\n    <li><code>range(start, stop, step)</code>: Generates numbers from <code>start</code> up to (but not including) <code>stop</code>, incrementing by <code>step</code>.</li>\r\n</ul>\r\n<p>Example (Python):</p>\r\n<pre><code>for i in range(2, 10, 2):\r\n    print(i) # Prints 2, 4, 6, 8</code></pre>\r\n        </div>\r\n        \r\n      </div>",
    "file": "module_files/Module4_Lesson.pdf",
    "duration_minutes": 2,
    "points_reward": 10,
    "order": 3,
    "is_locked": true,
    "created_at": "2025-12-13T16:49:29.411Z",
    "updated_at": "2025-12-13T16:49:29.413Z",
    "prerequisites": []
  }
},
{
  "model": "learning.learningmodule",
  "pk": "d2f5d20e-21fd-4739-82b1-4329ce55e038",
  "fields": {
    "career_path": "3950ed27-33b9-48cf-9d77-a729f89cfcbf",
    "title": "Module 1: Foundations of Data Structures & Linear Structures",
    "description": "Explore the fundamental concepts of data structures, their importance in efficient programming, and dive into linear data structures like arrays, dynamic arrays, and various types of linked lists.",
    "module_type": "text",
    "difficulty_level": "beginner",
    "content": "<div class=\"module-slide\" data-slide=\"1\">\n        <h2 class=\"slide-title\">Introduction to Data Structures</h2>\n        <div class=\"slide-content\">\n          <h2>Introduction to Data Structures</h2><p>Welcome to the fascinating world of Data Structures! In computer science, a data structure is a particular way of organizing data in a computer so that it can be used efficiently. It's not just about storing data; it's about structuring it in a way that allows for fast retrieval, modification, and processing. Understanding data structures is fundamental to writing efficient and scalable algorithms. Without well-chosen data structures, even the most elegant algorithms can struggle with performance issues, especially when dealing with large datasets.</p><p>Why are data structures so important? They are the backbone of all complex software, from operating systems and databases to web browsers and artificial intelligence. Imagine trying to quickly search for a contact in your phone, or finding a book in a massive library, without any organized system. That's what programming without data structures would be like. They provide a blueprint for how data relates to other data, enabling operations to be performed in an optimized manner.</p><h3>Algorithm Analysis: Big O Notation</h3><p>Before diving into specific structures, it's crucial to briefly touch upon how we evaluate their efficiency. Big O notation is a mathematical notation that describes the limiting behavior of a function when the argument tends towards a particular value or infinity. In computer science, it's used to classify algorithms according to how their running time or space requirements grow as the input size grows. Common Big O complexities include O(1) (constant time), O(log n) (logarithmic time), O(n) (linear time), O(n log n), O(n²) (quadratic time), and O(2ⁿ) (exponential time). We strive for algorithms with lower Big O complexities for better performance.</p><h3>Arrays: The Foundation</h3><p>An array is arguably the simplest and most fundamental data structure. It's a collection of items stored at contiguous memory locations. The key characteristic of an array is that all elements are of the same data type, and each element can be accessed directly using an index. This direct access (also known as random access) is a major advantage, making operations like reading an element at a specific position extremely fast, typically O(1) time complexity.</p><h4>Fixed-Size Arrays</h4><p>In many languages, arrays are fixed-size, meaning their size is determined at the time of creation and cannot be changed. This provides memory efficiency but can be restrictive if the number of elements is unknown or varies significantly. Operations:</p><ul><li><strong>Access (arr[i]):</strong> O(1)</li><li><strong>Insertion/Deletion at end:</strong> O(1) (if space available)</li><li><strong>Insertion/Deletion at beginning/middle:</strong> O(n) (requires shifting elements)</li></ul><p><strong>Example (Python list as conceptual array):</strong></p><pre class=\"ql-syntax\" spellcheck=\"false\"># Fixed-size array conceptualization\nmy_array = [10, 20, 30, 40, 50]\nprint(my_array[2]) # Access: O(1) -&gt; Output: 30\n\n# Inserting at beginning (costly)\nmy_array.insert(0, 5) # All elements shift\nprint(my_array) # Output: [5, 10, 20, 30, 40, 50]\n</pre><h4>Dynamic Arrays (Resizable Arrays)</h4><p>To overcome the limitation of fixed-size arrays, many programming languages provide dynamic arrays (e.g., Python lists, Java ArrayLists, C++ std::vector). These structures automatically resize themselves when they become full. When a dynamic array needs more space, it typically allocates a new, larger array (e.g., double the size), copies all existing elements to the new array, and then deallocates the old one. While an individual resize operation can be O(n), the amortized time complexity for insertion at the end is O(1) because these expensive resizes happen infrequently.</p><h3>Linked Lists: Flexibility Over Contiguity</h3><p>Unlike arrays, linked lists do not store elements in contiguous memory locations. Instead, each element (called a 'node') contains the data and a reference (or pointer) to the next node in the sequence. This non-contiguous storage offers great flexibility for insertions and deletions.</p><h4>Singly Linked Lists</h4><p>In a singly linked list, each node points to the next node in the sequence, and the last node points to null (or an equivalent 'None' in Python). We only maintain a reference to the 'head' of the list.</p><p><strong>Node Structure:</strong></p><pre class=\"ql-syntax\" spellcheck=\"false\">class Node:\n def __init__(self, data):\n self.data = data\n self.next = None # Pointer to the next node\n</pre><p><strong>Operations:</strong></p><ul><li><strong>Insertion at beginning:</strong> O(1)</li><li><strong>Deletion at beginning:</strong> O(1)</li><li><strong>Insertion/Deletion at end:</strong> O(n) (requires traversal)</li><li><strong>Insertion/Deletion at middle:</strong> O(n) (requires traversal to find position)</li><li><strong>Access (by index):</strong> O(n) (requires traversal)</li></ul><p><strong>Example Insertion at Head:</strong></p><pre class=\"ql-syntax\" spellcheck=\"false\"># Assuming 'head' is the first node of the list\nnew_node = Node(5)\nnew_node.next = head\nhead = new_node\n</pre><h4>Doubly Linked Lists</h4><p>A doubly linked list enhances the singly linked list by adding a 'previous' pointer to each node, pointing to the node before it. This allows for bidirectional traversal, making it more efficient for certain operations.</p><p><strong>Node Structure:</strong></p><pre class=\"ql-syntax\" spellcheck=\"false\">class Node:\n def __init__(self, data):\n self.data = data\n self.prev = None # Pointer to the previous node\n self.next = None # Pointer to the next node\n</pre><p><strong>Advantages:</strong></p><ul><li>Can traverse forwards and backwards.</li><li>Deletion of a given node (if you have a pointer to it) can be O(1) because you can update both `next` and `prev` pointers.</li></ul><p><strong>Disadvantages:</strong></p><ul><li>More memory overhead per node due to the extra pointer.</li><li>More complex insertion/deletion logic to maintain two pointers.</li></ul><h4>Circular Linked Lists</h4><p>In a circular linked list, the last node points back to the first node (the head), forming a cycle. This can be useful in scenarios like round-robin scheduling or continuous looping through a list of items.</p><ul><li>Can be singly or doubly circular.</li><li>No 'null' ending, every node has a successor.</li></ul><h3>Comparison: Arrays vs. Linked Lists</h3><p>FeatureArraysLinked ListsMemory AllocationContiguousNon-contiguousAccess TimeO(1) (random access)O(n) (sequential access)Insertion/DeletionO(n) (middle/beginning)O(1) (beginning, or middle if pointer available)Memory OverheadLow (fixed size)Higher (pointers for each node)FlexibilityLess (fixed size or costly resize)More (easy insertion/deletion)</p><p>Choosing between an array and a linked list depends on the specific requirements of the problem. If you need frequent random access and the size is relatively stable, an array or dynamic array is often better. If you need frequent insertions and deletions, especially at arbitrary positions, and sequential access is acceptable, a linked list might be more suitable. This foundational understanding sets the stage for more complex data structures.</p>\n        </div>\n        \n      </div>",
    "file": "",
    "duration_minutes": 180,
    "points_reward": 10,
    "order": 0,
    "is_locked": false,
    "created_at": "2025-12-14T15:30:50.214Z",
    "updated_at": "2025-12-14T15:30:50.214Z",
    "prerequisites": []
  }
},
{
  "model": "learning.quiz",
  "pk": "29684fa6-449f-47f3-8b1f-33c36946e056",
  "fields": {
    "learning_module": "a476cf27-a04b-476e-9611-72e71d5c2945",
    "title": "Module 5 Quiz: Functions and Basic Input/Output",
    "description": "Tests knowledge of defining functions, using parameters, returning values, and handling user input and output.",
    "content": "<div class=\"module-slide\" data-slide=\"1\">\n          <h2 style=\"color: #60a5fa; margin-bottom: 1rem; font-size: 1.5rem; font-weight: bold;\">\n            Question 1: Function Definition Keyword\n          </h2>\n          <div class=\"question-content\" style=\"margin-bottom: 1.5rem;\">\n            <p>Which keyword is used to define a function in Python?</p>\n          </div>\n          <div class=\"question-info\" style=\"display: flex; gap: 1rem; margin-bottom: 1rem; font-size: 0.875rem; color: #94a3b8;\">\n            <span>📝 MULTIPLE CHOICE</span>\n            <span>⭐ 1 point</span>\n          </div>\n          \n          <div class=\"quiz-choices\" style=\"margin-top: 1rem;\">\n            \n              <div class=\"quiz-choice\" style=\"padding: 0.75rem; margin: 0.5rem 0; background: rgba(255,255,255,0.05); border: 1px solid rgba(255,255,255,0.1); border-radius: 0.5rem; cursor: pointer;\" data-choice-id=\"1\" data-correct=\"false\">\n                <label style=\"display: flex; align-items: center; cursor: pointer;\">\n                  <input type=\"radio\" name=\"question-1\" value=\"1\" style=\"margin-right: 0.75rem; width: 1.25rem; height: 1.25rem;\">\n                  <span style=\"font-size: 1rem;\">A. <code>function</code></span>\n                </label>\n              </div>\n            \n              <div class=\"quiz-choice\" style=\"padding: 0.75rem; margin: 0.5rem 0; background: rgba(255,255,255,0.05); border: 1px solid rgba(255,255,255,0.1); border-radius: 0.5rem; cursor: pointer;\" data-choice-id=\"2\" data-correct=\"true\">\n                <label style=\"display: flex; align-items: center; cursor: pointer;\">\n                  <input type=\"radio\" name=\"question-1\" value=\"2\" style=\"margin-right: 0.75rem; width: 1.25rem; height: 1.25rem;\">\n                  <span style=\"font-size: 1rem;\">B. <code>def</code></span>\n                </label>\n              </div>\n            \n              <div class=\"quiz-choice\" style=\"padding: 0.75rem; margin: 0.5rem 0; background: rgba(255,255,255,0.05); border: 1px solid rgba(255,255,255,0.1); border-radius: 0.5rem; cursor: pointer;\" data-choice-id=\"3\" data-correct=\"false\">\n                <label style=\"display: flex; align-items: center; cursor: pointer;\">\n                  <input type=\"radio\" name=\"question-1\" value=\"3\" style=\"margin-right: 0.75rem; width: 1.25rem; height: 1.25rem;\">\n                  <span style=\"font-size: 1rem;\">C. <code>define</code></span>\n                </label>\n              </div>\n            \n              <div class=\"quiz-choice\" style=\"padding: 0.75rem; margin: 0.5rem 0; background: rgba(255,255,255,0.05); border: 1px solid rgba(255,255,255,0.1); border-radius: 0.5rem; cursor: pointer;\" data-choice-id=\"4\" data-correct=\"false\">\n                <label style=\"display: flex; align-items: center; cursor: pointer;\">\n                  <input type=\"radio\" name=\"question-1\" value=\"4\" style=\"margin-right: 0.75rem; width: 1.25rem; height: 1.25rem;\">\n                  <span style=\"font-size: 1rem;\">D. <code>func</code></span>\n                </label>\n              </div>\n            \n          </div>\n        \n        </div>\n        <hr class=\"slide-separator\" />\n      \n\n        <div class=\"module-slide\" data-slide=\"2\">\n          <h2 style=\"color: #60a5fa; margin-bottom: 1rem; font-size: 1.5rem; font-weight: bold;\">\n            Question 2: Purpose of input() Function\n          </h2>\n          <div class=\"question-content\" style=\"margin-bottom: 1.5rem;\">\n            <p>Describe the primary purpose of the <code>input()</code> function in Python.</p>\n          </div>\n          <div class=\"question-info\" style=\"display: flex; gap: 1rem; margin-bottom: 1rem; font-size: 0.875rem; color: #94a3b8;\">\n            <span>📝 SHORT ANSWER</span>\n            <span>⭐ 2 points</span>\n          </div>\n          \n          <div style=\"margin-top: 1rem;\">\n            <p style=\"color: #94a3b8; font-size: 0.875rem; margin-bottom: 0.5rem;\">ENUMERATION - Type your answer:</p>\n            <input type=\"text\" placeholder=\"Enter your answer...\" style=\"width: 100%; padding: 0.75rem; background: rgba(255,255,255,0.05); border: 1px solid rgba(255,255,255,0.2); border-radius: 0.5rem; color: white;\" />\n          </div>\n        \n        </div>\n        <hr class=\"slide-separator\" />\n      \n\n        <div class=\"module-slide\" data-slide=\"3\">\n          <h2 style=\"color: #60a5fa; margin-bottom: 1rem; font-size: 1.5rem; font-weight: bold;\">\n            Question 3: Function Return Values\n          </h2>\n          <div class=\"question-content\" style=\"margin-bottom: 1.5rem;\">\n            <p>True or False: All Python functions must explicitly return a value using the <code>return</code> keyword.</p>\n          </div>\n          <div class=\"question-info\" style=\"display: flex; gap: 1rem; margin-bottom: 1rem; font-size: 0.875rem; color: #94a3b8;\">\n            <span>📝 TRUE FALSE</span>\n            <span>⭐ 1 point</span>\n          </div>\n          \n          <div class=\"quiz-choices\" style=\"margin-top: 1rem;\">\n            <div class=\"quiz-choice\" style=\"padding: 0.75rem; margin: 0.5rem 0; background: rgba(255,255,255,0.05); border: 1px solid rgba(255,255,255,0.1); border-radius: 0.5rem;\">\n              <label style=\"display: flex; align-items: center; cursor: pointer;\">\n                <input type=\"radio\" name=\"question-3\" value=\"true\" style=\"margin-right: 0.75rem; width: 1.25rem; height: 1.25rem;\">\n                <span>True</span>\n              </label>\n            </div>\n            <div class=\"quiz-choice\" style=\"padding: 0.75rem; margin: 0.5rem 0; background: rgba(255,255,255,0.05); border: 1px solid rgba(255,255,255,0.1); border-radius: 0.5rem;\">\n              <label style=\"display: flex; align-items: center; cursor: pointer;\">\n                <input type=\"radio\" name=\"question-3\" value=\"false\" style=\"margin-right: 0.75rem; width: 1.25rem; height: 1.25rem;\">\n                <span>False</span>\n              </label>\n            </div>\n          </div>\n        \n        </div>\n        <hr class=\"slide-separator\" />\n      \n\n        <div class=\"module-slide\" data-slide=\"4\">\n          <h2 style=\"color: #60a5fa; margin-bottom: 1rem; font-size: 1.5rem; font-weight: bold;\">\n            Question 4: Default Function Return\n          </h2>\n          <div class=\"question-content\" style=\"margin-bottom: 1.5rem;\">\n            <p>What is the default return value of a Python function if no <code>return</code> statement is explicitly used?</p>\n          </div>\n          <div class=\"question-info\" style=\"display: flex; gap: 1rem; margin-bottom: 1rem; font-size: 0.875rem; color: #94a3b8;\">\n            <span>📝 MULTIPLE CHOICE</span>\n            <span>⭐ 1 point</span>\n          </div>\n          \n          <div class=\"quiz-choices\" style=\"margin-top: 1rem;\">\n            \n              <div class=\"quiz-choice\" style=\"padding: 0.75rem; margin: 0.5rem 0; background: rgba(255,255,255,0.05); border: 1px solid rgba(255,255,255,0.1); border-radius: 0.5rem; cursor: pointer;\" data-choice-id=\"1\" data-correct=\"false\">\n                <label style=\"display: flex; align-items: center; cursor: pointer;\">\n                  <input type=\"radio\" name=\"question-4\" value=\"1\" style=\"margin-right: 0.75rem; width: 1.25rem; height: 1.25rem;\">\n                  <span style=\"font-size: 1rem;\">A. <code>0</code></span>\n                </label>\n              </div>\n            \n              <div class=\"quiz-choice\" style=\"padding: 0.75rem; margin: 0.5rem 0; background: rgba(255,255,255,0.05); border: 1px solid rgba(255,255,255,0.1); border-radius: 0.5rem; cursor: pointer;\" data-choice-id=\"2\" data-correct=\"false\">\n                <label style=\"display: flex; align-items: center; cursor: pointer;\">\n                  <input type=\"radio\" name=\"question-4\" value=\"2\" style=\"margin-right: 0.75rem; width: 1.25rem; height: 1.25rem;\">\n                  <span style=\"font-size: 1rem;\">B. An empty string (<code>\"\"</code>)</span>\n                </label>\n              </div>\n            \n              <div class=\"quiz-choice\" style=\"padding: 0.75rem; margin: 0.5rem 0; background: rgba(255,255,255,0.05); border: 1px solid rgba(255,255,255,0.1); border-radius: 0.5rem; cursor: pointer;\" data-choice-id=\"3\" data-correct=\"true\">\n                <label style=\"display: flex; align-items: center; cursor: pointer;\">\n                  <input type=\"radio\" name=\"question-4\" value=\"3\" style=\"margin-right: 0.75rem; width: 1.25rem; height: 1.25rem;\">\n                  <span style=\"font-size: 1rem;\">C. <code>None</code></span>\n                </label>\n              </div>\n            \n              <div class=\"quiz-choice\" style=\"padding: 0.75rem; margin: 0.5rem 0; background: rgba(255,255,255,0.05); border: 1px solid rgba(255,255,255,0.1); border-radius: 0.5rem; cursor: pointer;\" data-choice-id=\"4\" data-correct=\"false\">\n                <label style=\"display: flex; align-items: center; cursor: pointer;\">\n                  <input type=\"radio\" name=\"question-4\" value=\"4\" style=\"margin-right: 0.75rem; width: 1.25rem; height: 1.25rem;\">\n                  <span style=\"font-size: 1rem;\">D. <code>False</code></span>\n                </label>\n              </div>\n            \n          </div>\n        \n        </div>\n        <hr class=\"slide-separator\" />\n      \n\n        <div class=\"module-slide\" data-slide=\"5\">\n          <h2 style=\"color: #60a5fa; margin-bottom: 1rem; font-size: 1.5rem; font-weight: bold;\">\n            Question 5: Calling a Function\n          </h2>\n          <div class=\"question-content\" style=\"margin-bottom: 1.5rem;\">\n            <p>How do you call a function named <code>greet</code> that takes no arguments? Provide an example in code.</p>\n          </div>\n          <div class=\"question-info\" style=\"display: flex; gap: 1rem; margin-bottom: 1rem; font-size: 0.875rem; color: #94a3b8;\">\n            <span>📝 SHORT ANSWER</span>\n            <span>⭐ 2 points</span>\n          </div>\n          \n          <div style=\"margin-top: 1rem;\">\n            <p style=\"color: #94a3b8; font-size: 0.875rem; margin-bottom: 0.5rem;\">ENUMERATION - Type your answer:</p>\n            <input type=\"text\" placeholder=\"Enter your answer...\" style=\"width: 100%; padding: 0.75rem; background: rgba(255,255,255,0.05); border: 1px solid rgba(255,255,255,0.2); border-radius: 0.5rem; color: white;\" />\n          </div>\n        \n        </div>\n        <hr class=\"slide-separator\" />\n      \n\n        <div class=\"module-slide\" data-slide=\"6\">\n          <h2 style=\"color: #60a5fa; margin-bottom: 1rem; font-size: 1.5rem; font-weight: bold;\">\n            Question 6: Benefits of Functions\n          </h2>\n          <div class=\"question-content\" style=\"margin-bottom: 1.5rem;\">\n            <p>List at least two benefits of using functions in your Python code.</p>\n          </div>\n          <div class=\"question-info\" style=\"display: flex; gap: 1rem; margin-bottom: 1rem; font-size: 0.875rem; color: #94a3b8;\">\n            <span>📝 ENUMERATION</span>\n            <span>⭐ 2 points</span>\n          </div>\n          \n          <div style=\"margin-top: 1rem;\">\n            <p style=\"color: #94a3b8; font-size: 0.875rem; margin-bottom: 0.5rem;\">ENUMERATION - Type your answer:</p>\n            <input type=\"text\" placeholder=\"Enter your answer...\" style=\"width: 100%; padding: 0.75rem; background: rgba(255,255,255,0.05); border: 1px solid rgba(255,255,255,0.2); border-radius: 0.5rem; color: white;\" />\n          </div>\n        \n        </div>\n        <hr class=\"slide-separator\" />\n      \n\n        <div class=\"module-slide\" data-slide=\"7\">\n          <h2 style=\"color: #60a5fa; margin-bottom: 1rem; font-size: 1.5rem; font-weight: bold;\">\n            Question 7: Function Return Value Analysis\n          </h2>\n          <div class=\"question-content\" style=\"margin-bottom: 1.5rem;\">\n            <p>Consider the following Python code snippet:</p><pre><code>def calculate_sum(a, b):\n    return a + b\n\nresult = calculate_sum(5, 3)</code></pre><p>What is the value of the variable <code>result</code> after this code executes?</p>\n          </div>\n          <div class=\"question-info\" style=\"display: flex; gap: 1rem; margin-bottom: 1rem; font-size: 0.875rem; color: #94a3b8;\">\n            <span>📝 MULTIPLE CHOICE</span>\n            <span>⭐ 2 points</span>\n          </div>\n          \n          <div class=\"quiz-choices\" style=\"margin-top: 1rem;\">\n            \n              <div class=\"quiz-choice\" style=\"padding: 0.75rem; margin: 0.5rem 0; background: rgba(255,255,255,0.05); border: 1px solid rgba(255,255,255,0.1); border-radius: 0.5rem; cursor: pointer;\" data-choice-id=\"1\" data-correct=\"false\">\n                <label style=\"display: flex; align-items: center; cursor: pointer;\">\n                  <input type=\"radio\" name=\"question-7\" value=\"1\" style=\"margin-right: 0.75rem; width: 1.25rem; height: 1.25rem;\">\n                  <span style=\"font-size: 1rem;\">A. <code>5</code></span>\n                </label>\n              </div>\n            \n              <div class=\"quiz-choice\" style=\"padding: 0.75rem; margin: 0.5rem 0; background: rgba(255,255,255,0.05); border: 1px solid rgba(255,255,255,0.1); border-radius: 0.5rem; cursor: pointer;\" data-choice-id=\"2\" data-correct=\"false\">\n                <label style=\"display: flex; align-items: center; cursor: pointer;\">\n                  <input type=\"radio\" name=\"question-7\" value=\"2\" style=\"margin-right: 0.75rem; width: 1.25rem; height: 1.25rem;\">\n                  <span style=\"font-size: 1rem;\">B. <code>3</code></span>\n                </label>\n              </div>\n            \n              <div class=\"quiz-choice\" style=\"padding: 0.75rem; margin: 0.5rem 0; background: rgba(255,255,255,0.05); border: 1px solid rgba(255,255,255,0.1); border-radius: 0.5rem; cursor: pointer;\" data-choice-id=\"3\" data-correct=\"true\">\n                <label style=\"display: flex; align-items: center; cursor: pointer;\">\n                  <input type=\"radio\" name=\"question-7\" value=\"3\" style=\"margin-right: 0.75rem; width: 1.25rem; height: 1.25rem;\">\n                  <span style=\"font-size: 1rem;\">C. <code>8</code></span>\n                </label>\n              </div>\n            \n              <div class=\"quiz-choice\" style=\"padding: 0.75rem; margin: 0.5rem 0; background: rgba(255,255,255,0.05); border: 1px solid rgba(255,255,255,0.1); border-radius: 0.5rem; cursor: pointer;\" data-choice-id=\"4\" data-correct=\"false\">\n                <label style=\"display: flex; align-items: center; cursor: pointer;\">\n                  <input type=\"radio\" name=\"question-7\" value=\"4\" style=\"margin-right: 0.75rem; width: 1.25rem; height: 1.25rem;\">\n                  <span style=\"font-size: 1rem;\">D. <code>calculate_sum</code></span>\n                </label>\n              </div>\n            \n          </div>\n        \n        </div>\n        <hr class=\"slide-separator\" />\n      \n\n        <div class=\"module-slide\" data-slide=\"8\">\n          <h2 style=\"color: #60a5fa; margin-bottom: 1rem; font-size: 1.5rem; font-weight: bold;\">\n            Question 8: input() Return Type\n          </h2>\n          <div class=\"question-content\" style=\"margin-bottom: 1.5rem;\">\n            <p>True or False: The <code>input()</code> function always returns a string, regardless of what the user types.</p>\n          </div>\n          <div class=\"question-info\" style=\"display: flex; gap: 1rem; margin-bottom: 1rem; font-size: 0.875rem; color: #94a3b8;\">\n            <span>📝 TRUE FALSE</span>\n            <span>⭐ 1 point</span>\n          </div>\n          \n          <div class=\"quiz-choices\" style=\"margin-top: 1rem;\">\n            <div class=\"quiz-choice\" style=\"padding: 0.75rem; margin: 0.5rem 0; background: rgba(255,255,255,0.05); border: 1px solid rgba(255,255,255,0.1); border-radius: 0.5rem;\">\n              <label style=\"display: flex; align-items: center; cursor: pointer;\">\n                <input type=\"radio\" name=\"question-8\" value=\"true\" style=\"margin-right: 0.75rem; width: 1.25rem; height: 1.25rem;\">\n                <span>True</span>\n              </label>\n            </div>\n            <div class=\"quiz-choice\" style=\"padding: 0.75rem; margin: 0.5rem 0; background: rgba(255,255,255,0.05); border: 1px solid rgba(255,255,255,0.1); border-radius: 0.5rem;\">\n              <label style=\"display: flex; align-items: center; cursor: pointer;\">\n                <input type=\"radio\" name=\"question-8\" value=\"false\" style=\"margin-right: 0.75rem; width: 1.25rem; height: 1.25rem;\">\n                <span>False</span>\n              </label>\n            </div>\n          </div>\n        \n        </div>\n        <hr class=\"slide-separator\" />\n      \n\n        <div class=\"module-slide\" data-slide=\"9\">\n          <h2 style=\"color: #60a5fa; margin-bottom: 1rem; font-size: 1.5rem; font-weight: bold;\">\n            Question 9: Parameters vs. Arguments\n          </h2>\n          <div class=\"question-content\" style=\"margin-bottom: 1.5rem;\">\n            <p>Explain the difference between a function <strong>parameter</strong> and a function <strong>argument</strong> in Python.</p>\n          </div>\n          <div class=\"question-info\" style=\"display: flex; gap: 1rem; margin-bottom: 1rem; font-size: 0.875rem; color: #94a3b8;\">\n            <span>📝 SHORT ANSWER</span>\n            <span>⭐ 3 points</span>\n          </div>\n          \n          <div style=\"margin-top: 1rem;\">\n            <p style=\"color: #94a3b8; font-size: 0.875rem; margin-bottom: 0.5rem;\">ENUMERATION - Type your answer:</p>\n            <input type=\"text\" placeholder=\"Enter your answer...\" style=\"width: 100%; padding: 0.75rem; background: rgba(255,255,255,0.05); border: 1px solid rgba(255,255,255,0.2); border-radius: 0.5rem; color: white;\" />\n          </div>\n        \n        </div>\n        <hr class=\"slide-separator\" />\n      \n\n        <div class=\"module-slide\" data-slide=\"10\">\n          <h2 style=\"color: #60a5fa; margin-bottom: 1rem; font-size: 1.5rem; font-weight: bold;\">\n            Question 10: Valid Function Names\n          </h2>\n          <div class=\"question-content\" style=\"margin-bottom: 1.5rem;\">\n            <p>Which of the following is NOT a valid function name in Python?</p>\n          </div>\n          <div class=\"question-info\" style=\"display: flex; gap: 1rem; margin-bottom: 1rem; font-size: 0.875rem; color: #94a3b8;\">\n            <span>📝 MULTIPLE CHOICE</span>\n            <span>⭐ 2 points</span>\n          </div>\n          \n          <div class=\"quiz-choices\" style=\"margin-top: 1rem;\">\n            \n              <div class=\"quiz-choice\" style=\"padding: 0.75rem; margin: 0.5rem 0; background: rgba(255,255,255,0.05); border: 1px solid rgba(255,255,255,0.1); border-radius: 0.5rem; cursor: pointer;\" data-choice-id=\"1\" data-correct=\"false\">\n                <label style=\"display: flex; align-items: center; cursor: pointer;\">\n                  <input type=\"radio\" name=\"question-10\" value=\"1\" style=\"margin-right: 0.75rem; width: 1.25rem; height: 1.25rem;\">\n                  <span style=\"font-size: 1rem;\">A. <code>my_function</code></span>\n                </label>\n              </div>\n            \n              <div class=\"quiz-choice\" style=\"padding: 0.75rem; margin: 0.5rem 0; background: rgba(255,255,255,0.05); border: 1px solid rgba(255,255,255,0.1); border-radius: 0.5rem; cursor: pointer;\" data-choice-id=\"2\" data-correct=\"false\">\n                <label style=\"display: flex; align-items: center; cursor: pointer;\">\n                  <input type=\"radio\" name=\"question-10\" value=\"2\" style=\"margin-right: 0.75rem; width: 1.25rem; height: 1.25rem;\">\n                  <span style=\"font-size: 1rem;\">B. <code>_private_func</code></span>\n                </label>\n              </div>\n            \n              <div class=\"quiz-choice\" style=\"padding: 0.75rem; margin: 0.5rem 0; background: rgba(255,255,255,0.05); border: 1px solid rgba(255,255,255,0.1); border-radius: 0.5rem; cursor: pointer;\" data-choice-id=\"3\" data-correct=\"true\">\n                <label style=\"display: flex; align-items: center; cursor: pointer;\">\n                  <input type=\"radio\" name=\"question-10\" value=\"3\" style=\"margin-right: 0.75rem; width: 1.25rem; height: 1.25rem;\">\n                  <span style=\"font-size: 1rem;\">C. <code>1st_function</code></span>\n                </label>\n              </div>\n            \n              <div class=\"quiz-choice\" style=\"padding: 0.75rem; margin: 0.5rem 0; background: rgba(255,255,255,0.05); border: 1px solid rgba(255,255,255,0.1); border-radius: 0.5rem; cursor: pointer;\" data-choice-id=\"4\" data-correct=\"false\">\n                <label style=\"display: flex; align-items: center; cursor: pointer;\">\n                  <input type=\"radio\" name=\"question-10\" value=\"4\" style=\"margin-right: 0.75rem; width: 1.25rem; height: 1.25rem;\">\n                  <span style=\"font-size: 1rem;\">D. <code>calculateSum</code></span>\n                </label>\n              </div>\n            \n          </div>\n        \n        </div>\n        <hr class=\"slide-separator\" />\n      \n\n        <div class=\"module-slide\" data-slide=\"11\">\n          <h2 style=\"color: #60a5fa; margin-bottom: 1rem; font-size: 1.5rem; font-weight: bold;\">\n            Question 11: Function with Input and Error Handling\n          </h2>\n          <div class=\"question-content\" style=\"margin-bottom: 1.5rem;\">\n            <p>Write a Python function called <code>get_user_age</code> that:</p><ul><li>Prompts the user to enter their age.</li><li>Converts the input to an integer.</li><li>Returns the integer age.</li><li>Includes appropriate error handling (e.g., using a <code>try-except</code> block) for non-numeric input, repeatedly asking until valid input is given.</li></ul><p>Provide the complete function definition.</p>\n          </div>\n          <div class=\"question-info\" style=\"display: flex; gap: 1rem; margin-bottom: 1rem; font-size: 0.875rem; color: #94a3b8;\">\n            <span>📝 ESSAY</span>\n            <span>⭐ 3 points</span>\n          </div>\n          \n          <div style=\"margin-top: 1rem;\">\n            <p style=\"color: #94a3b8; font-size: 0.875rem; margin-bottom: 0.5rem;\">ESSAY - Write your answer:</p>\n            <textarea placeholder=\"Type your answer here...\" rows=\"4\" style=\"width: 100%; padding: 0.75rem; background: rgba(255,255,255,0.05); border: 1px solid rgba(255,255,255,0.2); border-radius: 0.5rem; color: white;\"></textarea>\n          </div>\n        \n        </div>\n        <hr class=\"slide-separator\" />\n      \n\n        <div class=\"module-slide\" data-slide=\"12\">\n          <h2 style=\"color: #60a5fa; margin-bottom: 1rem; font-size: 1.5rem; font-weight: bold;\">\n            Question 12: Function Scope\n          </h2>\n          <div class=\"question-content\" style=\"margin-bottom: 1.5rem;\">\n            <p>True or False: Variables defined inside a function are local to that function and cannot be accessed directly from outside the function.</p>\n          </div>\n          <div class=\"question-info\" style=\"display: flex; gap: 1rem; margin-bottom: 1rem; font-size: 0.875rem; color: #94a3b8;\">\n            <span>📝 TRUE FALSE</span>\n            <span>⭐ 1 point</span>\n          </div>\n          \n          <div class=\"quiz-choices\" style=\"margin-top: 1rem;\">\n            <div class=\"quiz-choice\" style=\"padding: 0.75rem; margin: 0.5rem 0; background: rgba(255,255,255,0.05); border: 1px solid rgba(255,255,255,0.1); border-radius: 0.5rem;\">\n              <label style=\"display: flex; align-items: center; cursor: pointer;\">\n                <input type=\"radio\" name=\"question-12\" value=\"true\" style=\"margin-right: 0.75rem; width: 1.25rem; height: 1.25rem;\">\n                <span>True</span>\n              </label>\n            </div>\n            <div class=\"quiz-choice\" style=\"padding: 0.75rem; margin: 0.5rem 0; background: rgba(255,255,255,0.05); border: 1px solid rgba(255,255,255,0.1); border-radius: 0.5rem;\">\n              <label style=\"display: flex; align-items: center; cursor: pointer;\">\n                <input type=\"radio\" name=\"question-12\" value=\"false\" style=\"margin-right: 0.75rem; width: 1.25rem; height: 1.25rem;\">\n                <span>False</span>\n              </label>\n            </div>\n          </div>\n        \n        </div>",
    "time_limit_minutes": 5,
    "passing_score": 70,
    "max_attempts": 3,
    "randomize_questions": true,
    "created_at": "2025-12-14T07:23:30.398Z",
    "updated_at": "2025-12-14T07:23:30.398Z"
  }
},
{
  "model": "learning.quiz",
  "pk": "5d6a05c7-395b-4d0a-b9bc-b6ffc4f94e01",
  "fields": {
    "learning_module": "d2f5d20e-21fd-4739-82b1-4329ce55e038",
    "title": "Quiz for Module 1: Foundations of Data Structures & Linear Structures",
    "description": "Test your understanding of basic data structures, arrays, and linked lists.",
    "content": "",
    "time_limit_minutes": 30,
    "passing_score": 70,
    "max_attempts": 3,
    "randomize_questions": true,
    "created_at": "2025-12-14T15:30:55.470Z",
    "updated_at": "2025-12-14T15:30:55.470Z"
  }
},
{
  "model": "learning.quiz",
  "pk": "96b65c04-8eeb-4d13-8ac1-969236bd133d",
  "fields": {
    "learning_module": "ae77b423-b060-4c4f-b56f-ed639948eaa0",
    "title": "Module 4 Quiz: Loops (For and While)",
    "description": "Measures understanding of loop structures, iteration, and basic repetition control.",
    "content": "<div class=\"module-slide\" data-slide=\"1\">\n          <h2 style=\"color: #60a5fa; margin-bottom: 1rem; font-size: 1.5rem; font-weight: bold;\">\n            Question 1: Range Function Iterations\n          </h2>\n          <div class=\"question-content\" style=\"margin-bottom: 1.5rem;\">\n            <p>How many times does range(5) typically iterate in a Python for loop?</p>\n          </div>\n          <div class=\"question-info\" style=\"display: flex; gap: 1rem; margin-bottom: 1rem; font-size: 0.875rem; color: #94a3b8;\">\n            <span>📝 MULTIPLE CHOICE</span>\n            <span>⭐ 1 point</span>\n          </div>\n          \n          <div class=\"quiz-choices\" style=\"margin-top: 1rem;\">\n            \n              <div class=\"quiz-choice\" style=\"padding: 0.75rem; margin: 0.5rem 0; background: rgba(255,255,255,0.05); border: 1px solid rgba(255,255,255,0.1); border-radius: 0.5rem; cursor: pointer;\" data-choice-id=\"1A\" data-correct=\"false\">\n                <label style=\"display: flex; align-items: center; cursor: pointer;\">\n                  <input type=\"radio\" name=\"question-1\" value=\"1A\" style=\"margin-right: 0.75rem; width: 1.25rem; height: 1.25rem;\">\n                  <span style=\"font-size: 1rem;\">A. 0 times</span>\n                </label>\n              </div>\n            \n              <div class=\"quiz-choice\" style=\"padding: 0.75rem; margin: 0.5rem 0; background: rgba(255,255,255,0.05); border: 1px solid rgba(255,255,255,0.1); border-radius: 0.5rem; cursor: pointer;\" data-choice-id=\"1B\" data-correct=\"false\">\n                <label style=\"display: flex; align-items: center; cursor: pointer;\">\n                  <input type=\"radio\" name=\"question-1\" value=\"1B\" style=\"margin-right: 0.75rem; width: 1.25rem; height: 1.25rem;\">\n                  <span style=\"font-size: 1rem;\">B. 1 time</span>\n                </label>\n              </div>\n            \n              <div class=\"quiz-choice\" style=\"padding: 0.75rem; margin: 0.5rem 0; background: rgba(255,255,255,0.05); border: 1px solid rgba(255,255,255,0.1); border-radius: 0.5rem; cursor: pointer;\" data-choice-id=\"1C\" data-correct=\"false\">\n                <label style=\"display: flex; align-items: center; cursor: pointer;\">\n                  <input type=\"radio\" name=\"question-1\" value=\"1C\" style=\"margin-right: 0.75rem; width: 1.25rem; height: 1.25rem;\">\n                  <span style=\"font-size: 1rem;\">C. 4 times</span>\n                </label>\n              </div>\n            \n              <div class=\"quiz-choice\" style=\"padding: 0.75rem; margin: 0.5rem 0; background: rgba(255,255,255,0.05); border: 1px solid rgba(255,255,255,0.1); border-radius: 0.5rem; cursor: pointer;\" data-choice-id=\"1D\" data-correct=\"true\">\n                <label style=\"display: flex; align-items: center; cursor: pointer;\">\n                  <input type=\"radio\" name=\"question-1\" value=\"1D\" style=\"margin-right: 0.75rem; width: 1.25rem; height: 1.25rem;\">\n                  <span style=\"font-size: 1rem;\">D. 5 times</span>\n                </label>\n              </div>\n            \n              <div class=\"quiz-choice\" style=\"padding: 0.75rem; margin: 0.5rem 0; background: rgba(255,255,255,0.05); border: 1px solid rgba(255,255,255,0.1); border-radius: 0.5rem; cursor: pointer;\" data-choice-id=\"1E\" data-correct=\"false\">\n                <label style=\"display: flex; align-items: center; cursor: pointer;\">\n                  <input type=\"radio\" name=\"question-1\" value=\"1E\" style=\"margin-right: 0.75rem; width: 1.25rem; height: 1.25rem;\">\n                  <span style=\"font-size: 1rem;\">E. 6 times</span>\n                </label>\n              </div>\n            \n          </div>\n        \n        </div>\n        <hr class=\"slide-separator\" />\n      \n\n        <div class=\"module-slide\" data-slide=\"2\">\n          <h2 style=\"color: #60a5fa; margin-bottom: 1rem; font-size: 1.5rem; font-weight: bold;\">\n            Question 2: Best Loop for Known Iterations\n          </h2>\n          <div class=\"question-content\" style=\"margin-bottom: 1.5rem;\">\n            <p>Which type of loop is generally best used when the number of iterations is known in advance?</p>\n          </div>\n          <div class=\"question-info\" style=\"display: flex; gap: 1rem; margin-bottom: 1rem; font-size: 0.875rem; color: #94a3b8;\">\n            <span>📝 MULTIPLE CHOICE</span>\n            <span>⭐ 1 point</span>\n          </div>\n          \n          <div class=\"quiz-choices\" style=\"margin-top: 1rem;\">\n            \n              <div class=\"quiz-choice\" style=\"padding: 0.75rem; margin: 0.5rem 0; background: rgba(255,255,255,0.05); border: 1px solid rgba(255,255,255,0.1); border-radius: 0.5rem; cursor: pointer;\" data-choice-id=\"2A\" data-correct=\"false\">\n                <label style=\"display: flex; align-items: center; cursor: pointer;\">\n                  <input type=\"radio\" name=\"question-2\" value=\"2A\" style=\"margin-right: 0.75rem; width: 1.25rem; height: 1.25rem;\">\n                  <span style=\"font-size: 1rem;\">A. <code>while</code> loop</span>\n                </label>\n              </div>\n            \n              <div class=\"quiz-choice\" style=\"padding: 0.75rem; margin: 0.5rem 0; background: rgba(255,255,255,0.05); border: 1px solid rgba(255,255,255,0.1); border-radius: 0.5rem; cursor: pointer;\" data-choice-id=\"2B\" data-correct=\"true\">\n                <label style=\"display: flex; align-items: center; cursor: pointer;\">\n                  <input type=\"radio\" name=\"question-2\" value=\"2B\" style=\"margin-right: 0.75rem; width: 1.25rem; height: 1.25rem;\">\n                  <span style=\"font-size: 1rem;\">B. <code>for</code> loop</span>\n                </label>\n              </div>\n            \n              <div class=\"quiz-choice\" style=\"padding: 0.75rem; margin: 0.5rem 0; background: rgba(255,255,255,0.05); border: 1px solid rgba(255,255,255,0.1); border-radius: 0.5rem; cursor: pointer;\" data-choice-id=\"2C\" data-correct=\"false\">\n                <label style=\"display: flex; align-items: center; cursor: pointer;\">\n                  <input type=\"radio\" name=\"question-2\" value=\"2C\" style=\"margin-right: 0.75rem; width: 1.25rem; height: 1.25rem;\">\n                  <span style=\"font-size: 1rem;\">C. <code>do-while</code> loop</span>\n                </label>\n              </div>\n            \n              <div class=\"quiz-choice\" style=\"padding: 0.75rem; margin: 0.5rem 0; background: rgba(255,255,255,0.05); border: 1px solid rgba(255,255,255,0.1); border-radius: 0.5rem; cursor: pointer;\" data-choice-id=\"2D\" data-correct=\"false\">\n                <label style=\"display: flex; align-items: center; cursor: pointer;\">\n                  <input type=\"radio\" name=\"question-2\" value=\"2D\" style=\"margin-right: 0.75rem; width: 1.25rem; height: 1.25rem;\">\n                  <span style=\"font-size: 1rem;\">D. <code>infinite</code> loop</span>\n                </label>\n              </div>\n            \n          </div>\n        \n        </div>\n        <hr class=\"slide-separator\" />\n      \n\n        <div class=\"module-slide\" data-slide=\"3\">\n          <h2 style=\"color: #60a5fa; margin-bottom: 1rem; font-size: 1.5rem; font-weight: bold;\">\n            Question 3: Infinite While Loops\n          </h2>\n          <div class=\"question-content\" style=\"margin-bottom: 1.5rem;\">\n            <p>True or False: A <code>while</code> loop can run forever if its condition never becomes false.</p>\n          </div>\n          <div class=\"question-info\" style=\"display: flex; gap: 1rem; margin-bottom: 1rem; font-size: 0.875rem; color: #94a3b8;\">\n            <span>📝 TRUE FALSE</span>\n            <span>⭐ 1 point</span>\n          </div>\n          \n          <div class=\"quiz-choices\" style=\"margin-top: 1rem;\">\n            <div class=\"quiz-choice\" style=\"padding: 0.75rem; margin: 0.5rem 0; background: rgba(255,255,255,0.05); border: 1px solid rgba(255,255,255,0.1); border-radius: 0.5rem;\">\n              <label style=\"display: flex; align-items: center; cursor: pointer;\">\n                <input type=\"radio\" name=\"question-3\" value=\"true\" style=\"margin-right: 0.75rem; width: 1.25rem; height: 1.25rem;\">\n                <span>True</span>\n              </label>\n            </div>\n            <div class=\"quiz-choice\" style=\"padding: 0.75rem; margin: 0.5rem 0; background: rgba(255,255,255,0.05); border: 1px solid rgba(255,255,255,0.1); border-radius: 0.5rem;\">\n              <label style=\"display: flex; align-items: center; cursor: pointer;\">\n                <input type=\"radio\" name=\"question-3\" value=\"false\" style=\"margin-right: 0.75rem; width: 1.25rem; height: 1.25rem;\">\n                <span>False</span>\n              </label>\n            </div>\n          </div>\n        \n        </div>\n        <hr class=\"slide-separator\" />\n      \n\n        <div class=\"module-slide\" data-slide=\"4\">\n          <h2 style=\"color: #60a5fa; margin-bottom: 1rem; font-size: 1.5rem; font-weight: bold;\">\n            Question 4: Purpose of Loops\n          </h2>\n          <div class=\"question-content\" style=\"margin-bottom: 1.5rem;\">\n            <p>In programming, what is the primary purpose of using a loop?</p>\n          </div>\n          <div class=\"question-info\" style=\"display: flex; gap: 1rem; margin-bottom: 1rem; font-size: 0.875rem; color: #94a3b8;\">\n            <span>📝 SHORT ANSWER</span>\n            <span>⭐ 2 points</span>\n          </div>\n          \n          <div style=\"margin-top: 1rem;\">\n            <p style=\"color: #94a3b8; font-size: 0.875rem; margin-bottom: 0.5rem;\">ENUMERATION - Type your answer:</p>\n            <input type=\"text\" placeholder=\"Enter your answer...\" style=\"width: 100%; padding: 0.75rem; background: rgba(255,255,255,0.05); border: 1px solid rgba(255,255,255,0.2); border-radius: 0.5rem; color: white;\" />\n          </div>\n        \n        </div>\n        <hr class=\"slide-separator\" />\n      \n\n        <div class=\"module-slide\" data-slide=\"5\">\n          <h2 style=\"color: #60a5fa; margin-bottom: 1rem; font-size: 1.5rem; font-weight: bold;\">\n            Question 5: For Loop Output\n          </h2>\n          <div class=\"question-content\" style=\"margin-bottom: 1.5rem;\">\n            <p>What will be printed to the console by the following Python code snippet?</p><pre><code>for i in range(3):\n    print(i)</code></pre>\n          </div>\n          <div class=\"question-info\" style=\"display: flex; gap: 1rem; margin-bottom: 1rem; font-size: 0.875rem; color: #94a3b8;\">\n            <span>📝 MULTIPLE CHOICE</span>\n            <span>⭐ 2 points</span>\n          </div>\n          \n          <div class=\"quiz-choices\" style=\"margin-top: 1rem;\">\n            \n              <div class=\"quiz-choice\" style=\"padding: 0.75rem; margin: 0.5rem 0; background: rgba(255,255,255,0.05); border: 1px solid rgba(255,255,255,0.1); border-radius: 0.5rem; cursor: pointer;\" data-choice-id=\"5A\" data-correct=\"false\">\n                <label style=\"display: flex; align-items: center; cursor: pointer;\">\n                  <input type=\"radio\" name=\"question-5\" value=\"5A\" style=\"margin-right: 0.75rem; width: 1.25rem; height: 1.25rem;\">\n                  <span style=\"font-size: 1rem;\">A. 0<br>1<br>2<br>3</span>\n                </label>\n              </div>\n            \n              <div class=\"quiz-choice\" style=\"padding: 0.75rem; margin: 0.5rem 0; background: rgba(255,255,255,0.05); border: 1px solid rgba(255,255,255,0.1); border-radius: 0.5rem; cursor: pointer;\" data-choice-id=\"5B\" data-correct=\"false\">\n                <label style=\"display: flex; align-items: center; cursor: pointer;\">\n                  <input type=\"radio\" name=\"question-5\" value=\"5B\" style=\"margin-right: 0.75rem; width: 1.25rem; height: 1.25rem;\">\n                  <span style=\"font-size: 1rem;\">B. 1<br>2<br>3</span>\n                </label>\n              </div>\n            \n              <div class=\"quiz-choice\" style=\"padding: 0.75rem; margin: 0.5rem 0; background: rgba(255,255,255,0.05); border: 1px solid rgba(255,255,255,0.1); border-radius: 0.5rem; cursor: pointer;\" data-choice-id=\"5C\" data-correct=\"true\">\n                <label style=\"display: flex; align-items: center; cursor: pointer;\">\n                  <input type=\"radio\" name=\"question-5\" value=\"5C\" style=\"margin-right: 0.75rem; width: 1.25rem; height: 1.25rem;\">\n                  <span style=\"font-size: 1rem;\">C. 0<br>1<br>2</span>\n                </label>\n              </div>\n            \n              <div class=\"quiz-choice\" style=\"padding: 0.75rem; margin: 0.5rem 0; background: rgba(255,255,255,0.05); border: 1px solid rgba(255,255,255,0.1); border-radius: 0.5rem; cursor: pointer;\" data-choice-id=\"5D\" data-correct=\"false\">\n                <label style=\"display: flex; align-items: center; cursor: pointer;\">\n                  <input type=\"radio\" name=\"question-5\" value=\"5D\" style=\"margin-right: 0.75rem; width: 1.25rem; height: 1.25rem;\">\n                  <span style=\"font-size: 1rem;\">D. Error</span>\n                </label>\n              </div>\n            \n          </div>\n        \n        </div>\n        <hr class=\"slide-separator\" />\n      \n\n        <div class=\"module-slide\" data-slide=\"6\">\n          <h2 style=\"color: #60a5fa; margin-bottom: 1rem; font-size: 1.5rem; font-weight: bold;\">\n            Question 6: While Loop Output\n          </h2>\n          <div class=\"question-content\" style=\"margin-bottom: 1.5rem;\">\n            <p>Consider the following Python code:</p><pre><code>count = 0\nwhile count &lt; 2:\n    print(\"Hello\")\n    count += 1</code></pre><p>How many times will \"Hello\" be printed?</p>\n          </div>\n          <div class=\"question-info\" style=\"display: flex; gap: 1rem; margin-bottom: 1rem; font-size: 0.875rem; color: #94a3b8;\">\n            <span>📝 MULTIPLE CHOICE</span>\n            <span>⭐ 2 points</span>\n          </div>\n          \n          <div class=\"quiz-choices\" style=\"margin-top: 1rem;\">\n            \n              <div class=\"quiz-choice\" style=\"padding: 0.75rem; margin: 0.5rem 0; background: rgba(255,255,255,0.05); border: 1px solid rgba(255,255,255,0.1); border-radius: 0.5rem; cursor: pointer;\" data-choice-id=\"6A\" data-correct=\"false\">\n                <label style=\"display: flex; align-items: center; cursor: pointer;\">\n                  <input type=\"radio\" name=\"question-6\" value=\"6A\" style=\"margin-right: 0.75rem; width: 1.25rem; height: 1.25rem;\">\n                  <span style=\"font-size: 1rem;\">A. 0 times</span>\n                </label>\n              </div>\n            \n              <div class=\"quiz-choice\" style=\"padding: 0.75rem; margin: 0.5rem 0; background: rgba(255,255,255,0.05); border: 1px solid rgba(255,255,255,0.1); border-radius: 0.5rem; cursor: pointer;\" data-choice-id=\"6B\" data-correct=\"false\">\n                <label style=\"display: flex; align-items: center; cursor: pointer;\">\n                  <input type=\"radio\" name=\"question-6\" value=\"6B\" style=\"margin-right: 0.75rem; width: 1.25rem; height: 1.25rem;\">\n                  <span style=\"font-size: 1rem;\">B. 1 time</span>\n                </label>\n              </div>\n            \n              <div class=\"quiz-choice\" style=\"padding: 0.75rem; margin: 0.5rem 0; background: rgba(255,255,255,0.05); border: 1px solid rgba(255,255,255,0.1); border-radius: 0.5rem; cursor: pointer;\" data-choice-id=\"6C\" data-correct=\"true\">\n                <label style=\"display: flex; align-items: center; cursor: pointer;\">\n                  <input type=\"radio\" name=\"question-6\" value=\"6C\" style=\"margin-right: 0.75rem; width: 1.25rem; height: 1.25rem;\">\n                  <span style=\"font-size: 1rem;\">C. 2 times</span>\n                </label>\n              </div>\n            \n              <div class=\"quiz-choice\" style=\"padding: 0.75rem; margin: 0.5rem 0; background: rgba(255,255,255,0.05); border: 1px solid rgba(255,255,255,0.1); border-radius: 0.5rem; cursor: pointer;\" data-choice-id=\"6D\" data-correct=\"false\">\n                <label style=\"display: flex; align-items: center; cursor: pointer;\">\n                  <input type=\"radio\" name=\"question-6\" value=\"6D\" style=\"margin-right: 0.75rem; width: 1.25rem; height: 1.25rem;\">\n                  <span style=\"font-size: 1rem;\">D. 3 times</span>\n                </label>\n              </div>\n            \n              <div class=\"quiz-choice\" style=\"padding: 0.75rem; margin: 0.5rem 0; background: rgba(255,255,255,0.05); border: 1px solid rgba(255,255,255,0.1); border-radius: 0.5rem; cursor: pointer;\" data-choice-id=\"6E\" data-correct=\"false\">\n                <label style=\"display: flex; align-items: center; cursor: pointer;\">\n                  <input type=\"radio\" name=\"question-6\" value=\"6E\" style=\"margin-right: 0.75rem; width: 1.25rem; height: 1.25rem;\">\n                  <span style=\"font-size: 1rem;\">E. Infinitely</span>\n                </label>\n              </div>\n            \n          </div>\n        \n        </div>\n        <hr class=\"slide-separator\" />\n      \n\n        <div class=\"module-slide\" data-slide=\"7\">\n          <h2 style=\"color: #60a5fa; margin-bottom: 1rem; font-size: 1.5rem; font-weight: bold;\">\n            Question 7: For vs. While Loops\n          </h2>\n          <div class=\"question-content\" style=\"margin-bottom: 1.5rem;\">\n            <p>Briefly explain one key difference between a <code>for</code> loop and a <code>while</code> loop.</p>\n          </div>\n          <div class=\"question-info\" style=\"display: flex; gap: 1rem; margin-bottom: 1rem; font-size: 0.875rem; color: #94a3b8;\">\n            <span>📝 SHORT ANSWER</span>\n            <span>⭐ 2 points</span>\n          </div>\n          \n          <div style=\"margin-top: 1rem;\">\n            <p style=\"color: #94a3b8; font-size: 0.875rem; margin-bottom: 0.5rem;\">ENUMERATION - Type your answer:</p>\n            <input type=\"text\" placeholder=\"Enter your answer...\" style=\"width: 100%; padding: 0.75rem; background: rgba(255,255,255,0.05); border: 1px solid rgba(255,255,255,0.2); border-radius: 0.5rem; color: white;\" />\n          </div>\n        \n        </div>\n        <hr class=\"slide-separator\" />\n      \n\n        <div class=\"module-slide\" data-slide=\"8\">\n          <h2 style=\"color: #60a5fa; margin-bottom: 1rem; font-size: 1.5rem; font-weight: bold;\">\n            Question 8: When to Use While Loops\n          </h2>\n          <div class=\"question-content\" style=\"margin-bottom: 1.5rem;\">\n            <p>In which scenario would a <code>while</code> loop typically be more appropriate than a <code>for</code> loop?</p>\n          </div>\n          <div class=\"question-info\" style=\"display: flex; gap: 1rem; margin-bottom: 1rem; font-size: 0.875rem; color: #94a3b8;\">\n            <span>📝 MULTIPLE CHOICE</span>\n            <span>⭐ 2 points</span>\n          </div>\n          \n          <div class=\"quiz-choices\" style=\"margin-top: 1rem;\">\n            \n              <div class=\"quiz-choice\" style=\"padding: 0.75rem; margin: 0.5rem 0; background: rgba(255,255,255,0.05); border: 1px solid rgba(255,255,255,0.1); border-radius: 0.5rem; cursor: pointer;\" data-choice-id=\"8A\" data-correct=\"false\">\n                <label style=\"display: flex; align-items: center; cursor: pointer;\">\n                  <input type=\"radio\" name=\"question-8\" value=\"8A\" style=\"margin-right: 0.75rem; width: 1.25rem; height: 1.25rem;\">\n                  <span style=\"font-size: 1rem;\">A. Iterating through a list of known length.</span>\n                </label>\n              </div>\n            \n              <div class=\"quiz-choice\" style=\"padding: 0.75rem; margin: 0.5rem 0; background: rgba(255,255,255,0.05); border: 1px solid rgba(255,255,255,0.1); border-radius: 0.5rem; cursor: pointer;\" data-choice-id=\"8B\" data-correct=\"false\">\n                <label style=\"display: flex; align-items: center; cursor: pointer;\">\n                  <input type=\"radio\" name=\"question-8\" value=\"8B\" style=\"margin-right: 0.75rem; width: 1.25rem; height: 1.25rem;\">\n                  <span style=\"font-size: 1rem;\">B. Repeating an action exactly 10 times.</span>\n                </label>\n              </div>\n            \n              <div class=\"quiz-choice\" style=\"padding: 0.75rem; margin: 0.5rem 0; background: rgba(255,255,255,0.05); border: 1px solid rgba(255,255,255,0.1); border-radius: 0.5rem; cursor: pointer;\" data-choice-id=\"8C\" data-correct=\"true\">\n                <label style=\"display: flex; align-items: center; cursor: pointer;\">\n                  <input type=\"radio\" name=\"question-8\" value=\"8C\" style=\"margin-right: 0.75rem; width: 1.25rem; height: 1.25rem;\">\n                  <span style=\"font-size: 1rem;\">C. Reading input from a user until a specific keyword is entered.</span>\n                </label>\n              </div>\n            \n              <div class=\"quiz-choice\" style=\"padding: 0.75rem; margin: 0.5rem 0; background: rgba(255,255,255,0.05); border: 1px solid rgba(255,255,255,0.1); border-radius: 0.5rem; cursor: pointer;\" data-choice-id=\"8D\" data-correct=\"false\">\n                <label style=\"display: flex; align-items: center; cursor: pointer;\">\n                  <input type=\"radio\" name=\"question-8\" value=\"8D\" style=\"margin-right: 0.75rem; width: 1.25rem; height: 1.25rem;\">\n                  <span style=\"font-size: 1rem;\">D. Looping over characters in a string.</span>\n                </label>\n              </div>\n            \n          </div>\n        \n        </div>\n        <hr class=\"slide-separator\" />\n      \n\n        <div class=\"module-slide\" data-slide=\"9\">\n          <h2 style=\"color: #60a5fa; margin-bottom: 1rem; font-size: 1.5rem; font-weight: bold;\">\n            Question 9: Essential While Loop Components for Termination\n          </h2>\n          <div class=\"question-content\" style=\"margin-bottom: 1.5rem;\">\n            <p>What are the two essential components (excluding the loop body itself) required for a <code>while</code> loop to function correctly and avoid an infinite loop?</p>\n          </div>\n          <div class=\"question-info\" style=\"display: flex; gap: 1rem; margin-bottom: 1rem; font-size: 0.875rem; color: #94a3b8;\">\n            <span>📝 ENUMERATION</span>\n            <span>⭐ 3 points</span>\n          </div>\n          \n          <div style=\"margin-top: 1rem;\">\n            <p style=\"color: #94a3b8; font-size: 0.875rem; margin-bottom: 0.5rem;\">ENUMERATION - Type your answer:</p>\n            <input type=\"text\" placeholder=\"Enter your answer...\" style=\"width: 100%; padding: 0.75rem; background: rgba(255,255,255,0.05); border: 1px solid rgba(255,255,255,0.2); border-radius: 0.5rem; color: white;\" />\n          </div>\n        \n        </div>\n        <hr class=\"slide-separator\" />\n      \n\n        <div class=\"module-slide\" data-slide=\"10\">\n          <h2 style=\"color: #60a5fa; margin-bottom: 1rem; font-size: 1.5rem; font-weight: bold;\">\n            Question 10: For Loop Structure\n          </h2>\n          <div class=\"question-content\" style=\"margin-bottom: 1.5rem;\">\n            <p>Which of the following correctly demonstrates the basic structure of a <code>for</code> loop in Python?</p>\n          </div>\n          <div class=\"question-info\" style=\"display: flex; gap: 1rem; margin-bottom: 1rem; font-size: 0.875rem; color: #94a3b8;\">\n            <span>📝 MULTIPLE CHOICE</span>\n            <span>⭐ 1 point</span>\n          </div>\n          \n          <div class=\"quiz-choices\" style=\"margin-top: 1rem;\">\n            \n              <div class=\"quiz-choice\" style=\"padding: 0.75rem; margin: 0.5rem 0; background: rgba(255,255,255,0.05); border: 1px solid rgba(255,255,255,0.1); border-radius: 0.5rem; cursor: pointer;\" data-choice-id=\"10A\" data-correct=\"false\">\n                <label style=\"display: flex; align-items: center; cursor: pointer;\">\n                  <input type=\"radio\" name=\"question-10\" value=\"10A\" style=\"margin-right: 0.75rem; width: 1.25rem; height: 1.25rem;\">\n                  <span style=\"font-size: 1rem;\">A. <pre><code>while i &lt; 5:\n    print(i)\n    i += 1</code></pre></span>\n                </label>\n              </div>\n            \n              <div class=\"quiz-choice\" style=\"padding: 0.75rem; margin: 0.5rem 0; background: rgba(255,255,255,0.05); border: 1px solid rgba(255,255,255,0.1); border-radius: 0.5rem; cursor: pointer;\" data-choice-id=\"10B\" data-correct=\"true\">\n                <label style=\"display: flex; align-items: center; cursor: pointer;\">\n                  <input type=\"radio\" name=\"question-10\" value=\"10B\" style=\"margin-right: 0.75rem; width: 1.25rem; height: 1.25rem;\">\n                  <span style=\"font-size: 1rem;\">B. <pre><code>for i in range(5):\n    print(i)</code></pre></span>\n                </label>\n              </div>\n            \n              <div class=\"quiz-choice\" style=\"padding: 0.75rem; margin: 0.5rem 0; background: rgba(255,255,255,0.05); border: 1px solid rgba(255,255,255,0.1); border-radius: 0.5rem; cursor: pointer;\" data-choice-id=\"10C\" data-correct=\"false\">\n                <label style=\"display: flex; align-items: center; cursor: pointer;\">\n                  <input type=\"radio\" name=\"question-10\" value=\"10C\" style=\"margin-right: 0.75rem; width: 1.25rem; height: 1.25rem;\">\n                  <span style=\"font-size: 1rem;\">C. <pre><code>if i &lt; 5:\n    print(i)</code></pre></span>\n                </label>\n              </div>\n            \n              <div class=\"quiz-choice\" style=\"padding: 0.75rem; margin: 0.5rem 0; background: rgba(255,255,255,0.05); border: 1px solid rgba(255,255,255,0.1); border-radius: 0.5rem; cursor: pointer;\" data-choice-id=\"10D\" data-correct=\"false\">\n                <label style=\"display: flex; align-items: center; cursor: pointer;\">\n                  <input type=\"radio\" name=\"question-10\" value=\"10D\" style=\"margin-right: 0.75rem; width: 1.25rem; height: 1.25rem;\">\n                  <span style=\"font-size: 1rem;\">D. <pre><code>for i &lt; 5:\n    print(i)</code></pre></span>\n                </label>\n              </div>\n            \n          </div>\n        \n        </div>\n        <hr class=\"slide-separator\" />\n      \n\n        <div class=\"module-slide\" data-slide=\"11\">\n          <h2 style=\"color: #60a5fa; margin-bottom: 1rem; font-size: 1.5rem; font-weight: bold;\">\n            Question 11: Role of range()\n          </h2>\n          <div class=\"question-content\" style=\"margin-bottom: 1.5rem;\">\n            <p>What is the primary purpose of the <code>range()</code> function when used with a <code>for</code> loop in Python?</p>\n          </div>\n          <div class=\"question-info\" style=\"display: flex; gap: 1rem; margin-bottom: 1rem; font-size: 0.875rem; color: #94a3b8;\">\n            <span>📝 SHORT ANSWER</span>\n            <span>⭐ 2 points</span>\n          </div>\n          \n          <div style=\"margin-top: 1rem;\">\n            <p style=\"color: #94a3b8; font-size: 0.875rem; margin-bottom: 0.5rem;\">ENUMERATION - Type your answer:</p>\n            <input type=\"text\" placeholder=\"Enter your answer...\" style=\"width: 100%; padding: 0.75rem; background: rgba(255,255,255,0.05); border: 1px solid rgba(255,255,255,0.2); border-radius: 0.5rem; color: white;\" />\n          </div>\n        \n        </div>\n        <hr class=\"slide-separator\" />\n      \n\n        <div class=\"module-slide\" data-slide=\"12\">\n          <h2 style=\"color: #60a5fa; margin-bottom: 1rem; font-size: 1.5rem; font-weight: bold;\">\n            Question 12: While Loop Without Update\n          </h2>\n          <div class=\"question-content\" style=\"margin-bottom: 1.5rem;\">\n            <p>What common problem would occur if the update statement (e.g., <code>count += 1</code>) were accidentally omitted from a <code>while</code> loop that depends on it to terminate?</p>\n          </div>\n          <div class=\"question-info\" style=\"display: flex; gap: 1rem; margin-bottom: 1rem; font-size: 0.875rem; color: #94a3b8;\">\n            <span>📝 SHORT ANSWER</span>\n            <span>⭐ 2 points</span>\n          </div>\n          \n          <div style=\"margin-top: 1rem;\">\n            <p style=\"color: #94a3b8; font-size: 0.875rem; margin-bottom: 0.5rem;\">ENUMERATION - Type your answer:</p>\n            <input type=\"text\" placeholder=\"Enter your answer...\" style=\"width: 100%; padding: 0.75rem; background: rgba(255,255,255,0.05); border: 1px solid rgba(255,255,255,0.2); border-radius: 0.5rem; color: white;\" />\n          </div>\n        \n        </div>",
    "time_limit_minutes": 3,
    "passing_score": 70,
    "max_attempts": 3,
    "randomize_questions": true,
    "created_at": "2025-12-14T07:22:24.289Z",
    "updated_at": "2025-12-14T07:22:24.289Z"
  }
},
{
  "model": "learning.quiz",
  "pk": "a400ffe5-2500-4bfc-958b-377300bb429c",
  "fields": {
    "learning_module": "694f673a-1331-4396-a580-c8096e8b6956",
    "title": "Quiz for Module 3: Advanced Data Structures: Hashing and Graphs",
    "description": "Assess your comprehension of hash tables and graph theory basics.",
    "content": "",
    "time_limit_minutes": 30,
    "passing_score": 70,
    "max_attempts": 3,
    "randomize_questions": true,
    "created_at": "2025-12-14T15:31:04.990Z",
    "updated_at": "2025-12-14T15:31:04.990Z"
  }
},
{
  "model": "learning.quiz",
  "pk": "b5807a26-3528-4d96-a8c4-4f37d8bbb32a",
  "fields": {
    "learning_module": "26b25227-4a6e-4ef8-91be-5fc6661a33d6",
    "title": "Module 2 Quiz: Operators and Expressions",
    "description": "Evaluates the ability to identify and use arithmetic, comparison, and logical operators in basic expressions.",
    "content": "<div class=\"module-slide\" data-slide=\"1\">\n          <h2 style=\"color: #60a5fa; margin-bottom: 1rem; font-size: 1.5rem; font-weight: bold;\">\n            Question 1: Modulo Operation\n          </h2>\n          <div class=\"question-content\" style=\"margin-bottom: 1.5rem;\">\n            <p>What is the result of 10 % 3?</p>\n          </div>\n          <div class=\"question-info\" style=\"display: flex; gap: 1rem; margin-bottom: 1rem; font-size: 0.875rem; color: #94a3b8;\">\n            <span>📝 MULTIPLE CHOICE</span>\n            <span>⭐ 1 point</span>\n          </div>\n          \n          <div class=\"quiz-choices\" style=\"margin-top: 1rem;\">\n            \n              <div class=\"quiz-choice\" style=\"padding: 0.75rem; margin: 0.5rem 0; background: rgba(255,255,255,0.05); border: 1px solid rgba(255,255,255,0.1); border-radius: 0.5rem; cursor: pointer;\" data-choice-id=\"1\" data-correct=\"false\">\n                <label style=\"display: flex; align-items: center; cursor: pointer;\">\n                  <input type=\"radio\" name=\"question-1\" value=\"1\" style=\"margin-right: 0.75rem; width: 1.25rem; height: 1.25rem;\">\n                  <span style=\"font-size: 1rem;\">A. 2</span>\n                </label>\n              </div>\n            \n              <div class=\"quiz-choice\" style=\"padding: 0.75rem; margin: 0.5rem 0; background: rgba(255,255,255,0.05); border: 1px solid rgba(255,255,255,0.1); border-radius: 0.5rem; cursor: pointer;\" data-choice-id=\"2\" data-correct=\"false\">\n                <label style=\"display: flex; align-items: center; cursor: pointer;\">\n                  <input type=\"radio\" name=\"question-1\" value=\"2\" style=\"margin-right: 0.75rem; width: 1.25rem; height: 1.25rem;\">\n                  <span style=\"font-size: 1rem;\">B. 3</span>\n                </label>\n              </div>\n            \n              <div class=\"quiz-choice\" style=\"padding: 0.75rem; margin: 0.5rem 0; background: rgba(255,255,255,0.05); border: 1px solid rgba(255,255,255,0.1); border-radius: 0.5rem; cursor: pointer;\" data-choice-id=\"3\" data-correct=\"true\">\n                <label style=\"display: flex; align-items: center; cursor: pointer;\">\n                  <input type=\"radio\" name=\"question-1\" value=\"3\" style=\"margin-right: 0.75rem; width: 1.25rem; height: 1.25rem;\">\n                  <span style=\"font-size: 1rem;\">C. 4</span>\n                </label>\n              </div>\n            \n              <div class=\"quiz-choice\" style=\"padding: 0.75rem; margin: 0.5rem 0; background: rgba(255,255,255,0.05); border: 1px solid rgba(255,255,255,0.1); border-radius: 0.5rem; cursor: pointer;\" data-choice-id=\"4\" data-correct=\"false\">\n                <label style=\"display: flex; align-items: center; cursor: pointer;\">\n                  <input type=\"radio\" name=\"question-1\" value=\"4\" style=\"margin-right: 0.75rem; width: 1.25rem; height: 1.25rem;\">\n                  <span style=\"font-size: 1rem;\">D. 1</span>\n                </label>\n              </div>\n            \n          </div>\n        \n        </div>\n        <hr class=\"slide-separator\" />\n      \n\n        <div class=\"module-slide\" data-slide=\"2\">\n          <h2 style=\"color: #60a5fa; margin-bottom: 1rem; font-size: 1.5rem; font-weight: bold;\">\n            Question 2: Equality Operator\n          </h2>\n          <div class=\"question-content\" style=\"margin-bottom: 1.5rem;\">\n            <p>Which operator checks equality in most programming languages?</p>\n          </div>\n          <div class=\"question-info\" style=\"display: flex; gap: 1rem; margin-bottom: 1rem; font-size: 0.875rem; color: #94a3b8;\">\n            <span>📝 MULTIPLE CHOICE</span>\n            <span>⭐ 1 point</span>\n          </div>\n          \n          <div class=\"quiz-choices\" style=\"margin-top: 1rem;\">\n            \n              <div class=\"quiz-choice\" style=\"padding: 0.75rem; margin: 0.5rem 0; background: rgba(255,255,255,0.05); border: 1px solid rgba(255,255,255,0.1); border-radius: 0.5rem; cursor: pointer;\" data-choice-id=\"1\" data-correct=\"true\">\n                <label style=\"display: flex; align-items: center; cursor: pointer;\">\n                  <input type=\"radio\" name=\"question-2\" value=\"1\" style=\"margin-right: 0.75rem; width: 1.25rem; height: 1.25rem;\">\n                  <span style=\"font-size: 1rem;\">A. ==</span>\n                </label>\n              </div>\n            \n              <div class=\"quiz-choice\" style=\"padding: 0.75rem; margin: 0.5rem 0; background: rgba(255,255,255,0.05); border: 1px solid rgba(255,255,255,0.1); border-radius: 0.5rem; cursor: pointer;\" data-choice-id=\"2\" data-correct=\"false\">\n                <label style=\"display: flex; align-items: center; cursor: pointer;\">\n                  <input type=\"radio\" name=\"question-2\" value=\"2\" style=\"margin-right: 0.75rem; width: 1.25rem; height: 1.25rem;\">\n                  <span style=\"font-size: 1rem;\">B. =</span>\n                </label>\n              </div>\n            \n              <div class=\"quiz-choice\" style=\"padding: 0.75rem; margin: 0.5rem 0; background: rgba(255,255,255,0.05); border: 1px solid rgba(255,255,255,0.1); border-radius: 0.5rem; cursor: pointer;\" data-choice-id=\"3\" data-correct=\"false\">\n                <label style=\"display: flex; align-items: center; cursor: pointer;\">\n                  <input type=\"radio\" name=\"question-2\" value=\"3\" style=\"margin-right: 0.75rem; width: 1.25rem; height: 1.25rem;\">\n                  <span style=\"font-size: 1rem;\">C. =</span>\n                </label>\n              </div>\n            \n              <div class=\"quiz-choice\" style=\"padding: 0.75rem; margin: 0.5rem 0; background: rgba(255,255,255,0.05); border: 1px solid rgba(255,255,255,0.1); border-radius: 0.5rem; cursor: pointer;\" data-choice-id=\"4\" data-correct=\"false\">\n                <label style=\"display: flex; align-items: center; cursor: pointer;\">\n                  <input type=\"radio\" name=\"question-2\" value=\"4\" style=\"margin-right: 0.75rem; width: 1.25rem; height: 1.25rem;\">\n                  <span style=\"font-size: 1rem;\">D. ===</span>\n                </label>\n              </div>\n            \n          </div>\n        \n        </div>\n        <hr class=\"slide-separator\" />\n      \n\n        <div class=\"module-slide\" data-slide=\"3\">\n          <h2 style=\"color: #60a5fa; margin-bottom: 1rem; font-size: 1.5rem; font-weight: bold;\">\n            Question 3: Logical Operator\n          </h2>\n          <div class=\"question-content\" style=\"margin-bottom: 1.5rem;\">\n            <p>True or False: 'and' is a logical operator in many programming languages.</p>\n          </div>\n          <div class=\"question-info\" style=\"display: flex; gap: 1rem; margin-bottom: 1rem; font-size: 0.875rem; color: #94a3b8;\">\n            <span>📝 TRUE FALSE</span>\n            <span>⭐ 1 point</span>\n          </div>\n          \n          <div class=\"quiz-choices\" style=\"margin-top: 1rem;\">\n            <div class=\"quiz-choice\" style=\"padding: 0.75rem; margin: 0.5rem 0; background: rgba(255,255,255,0.05); border: 1px solid rgba(255,255,255,0.1); border-radius: 0.5rem;\">\n              <label style=\"display: flex; align-items: center; cursor: pointer;\">\n                <input type=\"radio\" name=\"question-3\" value=\"true\" style=\"margin-right: 0.75rem; width: 1.25rem; height: 1.25rem;\">\n                <span>True</span>\n              </label>\n            </div>\n            <div class=\"quiz-choice\" style=\"padding: 0.75rem; margin: 0.5rem 0; background: rgba(255,255,255,0.05); border: 1px solid rgba(255,255,255,0.1); border-radius: 0.5rem;\">\n              <label style=\"display: flex; align-items: center; cursor: pointer;\">\n                <input type=\"radio\" name=\"question-3\" value=\"false\" style=\"margin-right: 0.75rem; width: 1.25rem; height: 1.25rem;\">\n                <span>False</span>\n              </label>\n            </div>\n          </div>\n        \n        </div>\n        <hr class=\"slide-separator\" />\n      \n\n        <div class=\"module-slide\" data-slide=\"4\">\n          <h2 style=\"color: #60a5fa; margin-bottom: 1rem; font-size: 1.5rem; font-weight: bold;\">\n            Question 4: Modulo Operator Examples\n          </h2>\n          <div class=\"question-content\" style=\"margin-bottom: 1.5rem;\">\n            <p>Calculate the following modulo operations:</p><ul><li>15 % 6</li><li>20 % 7</li><li>9 % 4</li></ul>\n          </div>\n          <div class=\"question-info\" style=\"display: flex; gap: 1rem; margin-bottom: 1rem; font-size: 0.875rem; color: #94a3b8;\">\n            <span>📝 ENUMERATION</span>\n            <span>⭐ 2 points</span>\n          </div>\n          \n          <div style=\"margin-top: 1rem;\">\n            <p style=\"color: #94a3b8; font-size: 0.875rem; margin-bottom: 0.5rem;\">ENUMERATION - Type your answer:</p>\n            <input type=\"text\" placeholder=\"Enter your answer...\" style=\"width: 100%; padding: 0.75rem; background: rgba(255,255,255,0.05); border: 1px solid rgba(255,255,255,0.2); border-radius: 0.5rem; color: white;\" />\n          </div>\n        \n        </div>\n        <hr class=\"slide-separator\" />\n      \n\n        <div class=\"module-slide\" data-slide=\"5\">\n          <h2 style=\"color: #60a5fa; margin-bottom: 1rem; font-size: 1.5rem; font-weight: bold;\">\n            Question 5: Equality vs Assignment\n          </h2>\n          <div class=\"question-content\" style=\"margin-bottom: 1.5rem;\">\n            <p>Explain the difference between the equality operator (==) and the assignment operator (=) in programming.</p>\n          </div>\n          <div class=\"question-info\" style=\"display: flex; gap: 1rem; margin-bottom: 1rem; font-size: 0.875rem; color: #94a3b8;\">\n            <span>📝 ESSAY</span>\n            <span>⭐ 2 points</span>\n          </div>\n          \n          <div style=\"margin-top: 1rem;\">\n            <p style=\"color: #94a3b8; font-size: 0.875rem; margin-bottom: 0.5rem;\">ESSAY - Write your answer:</p>\n            <textarea placeholder=\"Type your answer here...\" rows=\"4\" style=\"width: 100%; padding: 0.75rem; background: rgba(255,255,255,0.05); border: 1px solid rgba(255,255,255,0.2); border-radius: 0.5rem; color: white;\"></textarea>\n          </div>\n        \n        </div>\n        <hr class=\"slide-separator\" />\n      \n\n        <div class=\"module-slide\" data-slide=\"6\">\n          <h2 style=\"color: #60a5fa; margin-bottom: 1rem; font-size: 1.5rem; font-weight: bold;\">\n            Question 6: Logical Operators\n          </h2>\n          <div class=\"question-content\" style=\"margin-bottom: 1.5rem;\">\n            <p>Name two other logical operators commonly used in programming besides 'and'.</p>\n          </div>\n          <div class=\"question-info\" style=\"display: flex; gap: 1rem; margin-bottom: 1rem; font-size: 0.875rem; color: #94a3b8;\">\n            <span>📝 SHORT ANSWER</span>\n            <span>⭐ 1 point</span>\n          </div>\n          \n          <div style=\"margin-top: 1rem;\">\n            <p style=\"color: #94a3b8; font-size: 0.875rem; margin-bottom: 0.5rem;\">ENUMERATION - Type your answer:</p>\n            <input type=\"text\" placeholder=\"Enter your answer...\" style=\"width: 100%; padding: 0.75rem; background: rgba(255,255,255,0.05); border: 1px solid rgba(255,255,255,0.2); border-radius: 0.5rem; color: white;\" />\n          </div>\n        \n        </div>\n        <hr class=\"slide-separator\" />\n      \n\n        <div class=\"module-slide\" data-slide=\"7\">\n          <h2 style=\"color: #60a5fa; margin-bottom: 1rem; font-size: 1.5rem; font-weight: bold;\">\n            Question 7: Modulo Operation in Programming\n          </h2>\n          <div class=\"question-content\" style=\"margin-bottom: 1.5rem;\">\n            <p>What is the primary purpose of the modulo operator in programming?</p>\n          </div>\n          <div class=\"question-info\" style=\"display: flex; gap: 1rem; margin-bottom: 1rem; font-size: 0.875rem; color: #94a3b8;\">\n            <span>📝 SHORT ANSWER</span>\n            <span>⭐ 1 point</span>\n          </div>\n          \n          <div style=\"margin-top: 1rem;\">\n            <p style=\"color: #94a3b8; font-size: 0.875rem; margin-bottom: 0.5rem;\">ENUMERATION - Type your answer:</p>\n            <input type=\"text\" placeholder=\"Enter your answer...\" style=\"width: 100%; padding: 0.75rem; background: rgba(255,255,255,0.05); border: 1px solid rgba(255,255,255,0.2); border-radius: 0.5rem; color: white;\" />\n          </div>\n        \n        </div>\n        <hr class=\"slide-separator\" />\n      \n\n        <div class=\"module-slide\" data-slide=\"8\">\n          <h2 style=\"color: #60a5fa; margin-bottom: 1rem; font-size: 1.5rem; font-weight: bold;\">\n            Question 8: Logical Operator Truth Table\n          </h2>\n          <div class=\"question-content\" style=\"margin-bottom: 1.5rem;\">\n            <p>Complete the truth table for the 'and' logical operator. Show all possible combinations of true and false inputs and their resulting outputs.</p>\n          </div>\n          <div class=\"question-info\" style=\"display: flex; gap: 1rem; margin-bottom: 1rem; font-size: 0.875rem; color: #94a3b8;\">\n            <span>📝 ESSAY</span>\n            <span>⭐ 3 points</span>\n          </div>\n          \n          <div style=\"margin-top: 1rem;\">\n            <p style=\"color: #94a3b8; font-size: 0.875rem; margin-bottom: 0.5rem;\">ESSAY - Write your answer:</p>\n            <textarea placeholder=\"Type your answer here...\" rows=\"4\" style=\"width: 100%; padding: 0.75rem; background: rgba(255,255,255,0.05); border: 1px solid rgba(255,255,255,0.2); border-radius: 0.5rem; color: white;\"></textarea>\n          </div>\n        \n        </div>\n        <hr class=\"slide-separator\" />\n      \n\n        <div class=\"module-slide\" data-slide=\"9\">\n          <h2 style=\"color: #60a5fa; margin-bottom: 1rem; font-size: 1.5rem; font-weight: bold;\">\n            Question 9: Equality Operator Variations\n          </h2>\n          <div class=\"question-content\" style=\"margin-bottom: 1.5rem;\">\n            <p>In some programming languages, there are different types of equality operators. What is the difference between == and === in JavaScript?</p>\n          </div>\n          <div class=\"question-info\" style=\"display: flex; gap: 1rem; margin-bottom: 1rem; font-size: 0.875rem; color: #94a3b8;\">\n            <span>📝 ESSAY</span>\n            <span>⭐ 2 points</span>\n          </div>\n          \n          <div style=\"margin-top: 1rem;\">\n            <p style=\"color: #94a3b8; font-size: 0.875rem; margin-bottom: 0.5rem;\">ESSAY - Write your answer:</p>\n            <textarea placeholder=\"Type your answer here...\" rows=\"4\" style=\"width: 100%; padding: 0.75rem; background: rgba(255,255,255,0.05); border: 1px solid rgba(255,255,255,0.2); border-radius: 0.5rem; color: white;\"></textarea>\n          </div>\n        \n        </div>\n        <hr class=\"slide-separator\" />\n      \n\n        <div class=\"module-slide\" data-slide=\"10\">\n          <h2 style=\"color: #60a5fa; margin-bottom: 1rem; font-size: 1.5rem; font-weight: bold;\">\n            Question 10: Modulo Operator Use Case\n          </h2>\n          <div class=\"question-content\" style=\"margin-bottom: 1.5rem;\">\n            <p>Provide an example of a real-world programming scenario where the modulo operator would be useful.</p>\n          </div>\n          <div class=\"question-info\" style=\"display: flex; gap: 1rem; margin-bottom: 1rem; font-size: 0.875rem; color: #94a3b8;\">\n            <span>📝 ESSAY</span>\n            <span>⭐ 2 points</span>\n          </div>\n          \n          <div style=\"margin-top: 1rem;\">\n            <p style=\"color: #94a3b8; font-size: 0.875rem; margin-bottom: 0.5rem;\">ESSAY - Write your answer:</p>\n            <textarea placeholder=\"Type your answer here...\" rows=\"4\" style=\"width: 100%; padding: 0.75rem; background: rgba(255,255,255,0.05); border: 1px solid rgba(255,255,255,0.2); border-radius: 0.5rem; color: white;\"></textarea>\n          </div>\n        \n        </div>",
    "time_limit_minutes": 1,
    "passing_score": 70,
    "max_attempts": 3,
    "randomize_questions": true,
    "created_at": "2025-12-13T16:47:04.083Z",
    "updated_at": "2025-12-13T16:47:04.085Z"
  }
},
{
  "model": "learning.quiz",
  "pk": "c6fd2df7-b843-422a-b2c1-48dcebac0f7c",
  "fields": {
    "learning_module": "95821a21-a707-406a-813e-3dff018b6a09",
    "title": "Module 3 Quiz: Control Flow (If Statements)",
    "description": "Checks comprehension of conditional statements and decision-making logic in Python programs.",
    "content": "<div class=\"module-slide\" data-slide=\"1\">\n          <h2 style=\"color: #60a5fa; margin-bottom: 1rem; font-size: 1.5rem; font-weight: bold;\">\n            Question 1: Handling Additional Conditions\n          </h2>\n          <div class=\"question-content\" style=\"margin-bottom: 1.5rem;\">\n            <p>When working with conditional statements in Python, which keyword is used to test an <strong>additional condition</strong> only if the preceding if (or elif) condition was False?</p>\n          </div>\n          <div class=\"question-info\" style=\"display: flex; gap: 1rem; margin-bottom: 1rem; font-size: 0.875rem; color: #94a3b8;\">\n            <span>📝 MULTIPLE CHOICE</span>\n            <span>⭐ 1 point</span>\n          </div>\n          \n          <div class=\"quiz-choices\" style=\"margin-top: 1rem;\">\n            \n              <div class=\"quiz-choice\" style=\"padding: 0.75rem; margin: 0.5rem 0; background: rgba(255,255,255,0.05); border: 1px solid rgba(255,255,255,0.1); border-radius: 0.5rem; cursor: pointer;\" data-choice-id=\"1A\" data-correct=\"false\">\n                <label style=\"display: flex; align-items: center; cursor: pointer;\">\n                  <input type=\"radio\" name=\"question-1\" value=\"1A\" style=\"margin-right: 0.75rem; width: 1.25rem; height: 1.25rem;\">\n                  <span style=\"font-size: 1rem;\">A. <code>if</code></span>\n                </label>\n              </div>\n            \n              <div class=\"quiz-choice\" style=\"padding: 0.75rem; margin: 0.5rem 0; background: rgba(255,255,255,0.05); border: 1px solid rgba(255,255,255,0.1); border-radius: 0.5rem; cursor: pointer;\" data-choice-id=\"1B\" data-correct=\"false\">\n                <label style=\"display: flex; align-items: center; cursor: pointer;\">\n                  <input type=\"radio\" name=\"question-1\" value=\"1B\" style=\"margin-right: 0.75rem; width: 1.25rem; height: 1.25rem;\">\n                  <span style=\"font-size: 1rem;\">B. <code>else</code></span>\n                </label>\n              </div>\n            \n              <div class=\"quiz-choice\" style=\"padding: 0.75rem; margin: 0.5rem 0; background: rgba(255,255,255,0.05); border: 1px solid rgba(255,255,255,0.1); border-radius: 0.5rem; cursor: pointer;\" data-choice-id=\"1C\" data-correct=\"true\">\n                <label style=\"display: flex; align-items: center; cursor: pointer;\">\n                  <input type=\"radio\" name=\"question-1\" value=\"1C\" style=\"margin-right: 0.75rem; width: 1.25rem; height: 1.25rem;\">\n                  <span style=\"font-size: 1rem;\">C. <code>elif</code></span>\n                </label>\n              </div>\n            \n              <div class=\"quiz-choice\" style=\"padding: 0.75rem; margin: 0.5rem 0; background: rgba(255,255,255,0.05); border: 1px solid rgba(255,255,255,0.1); border-radius: 0.5rem; cursor: pointer;\" data-choice-id=\"1D\" data-correct=\"false\">\n                <label style=\"display: flex; align-items: center; cursor: pointer;\">\n                  <input type=\"radio\" name=\"question-1\" value=\"1D\" style=\"margin-right: 0.75rem; width: 1.25rem; height: 1.25rem;\">\n                  <span style=\"font-size: 1rem;\">D. <code>for</code></span>\n                </label>\n              </div>\n            \n          </div>\n        \n        </div>\n        <hr class=\"slide-separator\" />\n      \n\n        <div class=\"module-slide\" data-slide=\"2\">\n          <h2 style=\"color: #60a5fa; margin-bottom: 1rem; font-size: 1.5rem; font-weight: bold;\">\n            Question 2: Python Indentation for Code Blocks\n          </h2>\n          <div class=\"question-content\" style=\"margin-bottom: 1.5rem;\">\n            <p>True or False: In Python, indentation is crucial for defining code blocks and is not just a stylistic choice.</p>\n          </div>\n          <div class=\"question-info\" style=\"display: flex; gap: 1rem; margin-bottom: 1rem; font-size: 0.875rem; color: #94a3b8;\">\n            <span>📝 TRUE FALSE</span>\n            <span>⭐ 1 point</span>\n          </div>\n          \n          <div class=\"quiz-choices\" style=\"margin-top: 1rem;\">\n            <div class=\"quiz-choice\" style=\"padding: 0.75rem; margin: 0.5rem 0; background: rgba(255,255,255,0.05); border: 1px solid rgba(255,255,255,0.1); border-radius: 0.5rem;\">\n              <label style=\"display: flex; align-items: center; cursor: pointer;\">\n                <input type=\"radio\" name=\"question-2\" value=\"true\" style=\"margin-right: 0.75rem; width: 1.25rem; height: 1.25rem;\">\n                <span>True</span>\n              </label>\n            </div>\n            <div class=\"quiz-choice\" style=\"padding: 0.75rem; margin: 0.5rem 0; background: rgba(255,255,255,0.05); border: 1px solid rgba(255,255,255,0.1); border-radius: 0.5rem;\">\n              <label style=\"display: flex; align-items: center; cursor: pointer;\">\n                <input type=\"radio\" name=\"question-2\" value=\"false\" style=\"margin-right: 0.75rem; width: 1.25rem; height: 1.25rem;\">\n                <span>False</span>\n              </label>\n            </div>\n          </div>\n        \n        </div>\n        <hr class=\"slide-separator\" />\n      \n\n        <div class=\"module-slide\" data-slide=\"3\">\n          <h2 style=\"color: #60a5fa; margin-bottom: 1rem; font-size: 1.5rem; font-weight: bold;\">\n            Question 3: Interpreting Conditional Output (Part 1)\n          </h2>\n          <div class=\"question-content\" style=\"margin-bottom: 1.5rem;\">\n            <p>Consider the following Python code snippet:</p><pre><code>score = 60\nif score >= 90:\n    print(\"Grade A\")\nelif score >= 80:\n    print(\"Grade B\")\nelif score >= 70:\n    print(\"Grade C\")\nelif score >= 60:\n    print(\"Grade D\")\nelse:\n    print(\"Grade F\")\n</code></pre><p>What will be printed to the console if <code>score = 60</code>?</p>\n          </div>\n          <div class=\"question-info\" style=\"display: flex; gap: 1rem; margin-bottom: 1rem; font-size: 0.875rem; color: #94a3b8;\">\n            <span>📝 SHORT ANSWER</span>\n            <span>⭐ 2 points</span>\n          </div>\n          \n          <div style=\"margin-top: 1rem;\">\n            <p style=\"color: #94a3b8; font-size: 0.875rem; margin-bottom: 0.5rem;\">ENUMERATION - Type your answer:</p>\n            <input type=\"text\" placeholder=\"Enter your answer...\" style=\"width: 100%; padding: 0.75rem; background: rgba(255,255,255,0.05); border: 1px solid rgba(255,255,255,0.2); border-radius: 0.5rem; color: white;\" />\n          </div>\n        \n        </div>\n        <hr class=\"slide-separator\" />\n      \n\n        <div class=\"module-slide\" data-slide=\"4\">\n          <h2 style=\"color: #60a5fa; margin-bottom: 1rem; font-size: 1.5rem; font-weight: bold;\">\n            Question 4: Initiating Conditional Logic\n          </h2>\n          <div class=\"question-content\" style=\"margin-bottom: 1.5rem;\">\n            <p>Which keyword is always used to start a new block of conditional logic, testing the very <b>first</b> condition?</p>\n          </div>\n          <div class=\"question-info\" style=\"display: flex; gap: 1rem; margin-bottom: 1rem; font-size: 0.875rem; color: #94a3b8;\">\n            <span>📝 MULTIPLE CHOICE</span>\n            <span>⭐ 1 point</span>\n          </div>\n          \n          <div class=\"quiz-choices\" style=\"margin-top: 1rem;\">\n            \n              <div class=\"quiz-choice\" style=\"padding: 0.75rem; margin: 0.5rem 0; background: rgba(255,255,255,0.05); border: 1px solid rgba(255,255,255,0.1); border-radius: 0.5rem; cursor: pointer;\" data-choice-id=\"4A\" data-correct=\"false\">\n                <label style=\"display: flex; align-items: center; cursor: pointer;\">\n                  <input type=\"radio\" name=\"question-4\" value=\"4A\" style=\"margin-right: 0.75rem; width: 1.25rem; height: 1.25rem;\">\n                  <span style=\"font-size: 1rem;\">A. <code>else</code></span>\n                </label>\n              </div>\n            \n              <div class=\"quiz-choice\" style=\"padding: 0.75rem; margin: 0.5rem 0; background: rgba(255,255,255,0.05); border: 1px solid rgba(255,255,255,0.1); border-radius: 0.5rem; cursor: pointer;\" data-choice-id=\"4B\" data-correct=\"false\">\n                <label style=\"display: flex; align-items: center; cursor: pointer;\">\n                  <input type=\"radio\" name=\"question-4\" value=\"4B\" style=\"margin-right: 0.75rem; width: 1.25rem; height: 1.25rem;\">\n                  <span style=\"font-size: 1rem;\">B. <code>elif</code></span>\n                </label>\n              </div>\n            \n              <div class=\"quiz-choice\" style=\"padding: 0.75rem; margin: 0.5rem 0; background: rgba(255,255,255,0.05); border: 1px solid rgba(255,255,255,0.1); border-radius: 0.5rem; cursor: pointer;\" data-choice-id=\"4C\" data-correct=\"true\">\n                <label style=\"display: flex; align-items: center; cursor: pointer;\">\n                  <input type=\"radio\" name=\"question-4\" value=\"4C\" style=\"margin-right: 0.75rem; width: 1.25rem; height: 1.25rem;\">\n                  <span style=\"font-size: 1rem;\">C. <code>if</code></span>\n                </label>\n              </div>\n            \n              <div class=\"quiz-choice\" style=\"padding: 0.75rem; margin: 0.5rem 0; background: rgba(255,255,255,0.05); border: 1px solid rgba(255,255,255,0.1); border-radius: 0.5rem; cursor: pointer;\" data-choice-id=\"4D\" data-correct=\"false\">\n                <label style=\"display: flex; align-items: center; cursor: pointer;\">\n                  <input type=\"radio\" name=\"question-4\" value=\"4D\" style=\"margin-right: 0.75rem; width: 1.25rem; height: 1.25rem;\">\n                  <span style=\"font-size: 1rem;\">D. <code>while</code></span>\n                </label>\n              </div>\n            \n          </div>\n        \n        </div>\n        <hr class=\"slide-separator\" />\n      \n\n        <div class=\"module-slide\" data-slide=\"5\">\n          <h2 style=\"color: #60a5fa; margin-bottom: 1rem; font-size: 1.5rem; font-weight: bold;\">\n            Question 5: The Final Fallback Condition\n          </h2>\n          <div class=\"question-content\" style=\"margin-bottom: 1.5rem;\">\n            <p>In an <code>if-elif-else</code> structure, which keyword specifies a block of code to be executed only if <b>none</b> of the preceding conditions (<code>if</code> or <code>elif</code>) were <code>True</code>?</p>\n          </div>\n          <div class=\"question-info\" style=\"display: flex; gap: 1rem; margin-bottom: 1rem; font-size: 0.875rem; color: #94a3b8;\">\n            <span>📝 MULTIPLE CHOICE</span>\n            <span>⭐ 1 point</span>\n          </div>\n          \n          <div class=\"quiz-choices\" style=\"margin-top: 1rem;\">\n            \n              <div class=\"quiz-choice\" style=\"padding: 0.75rem; margin: 0.5rem 0; background: rgba(255,255,255,0.05); border: 1px solid rgba(255,255,255,0.1); border-radius: 0.5rem; cursor: pointer;\" data-choice-id=\"5A\" data-correct=\"false\">\n                <label style=\"display: flex; align-items: center; cursor: pointer;\">\n                  <input type=\"radio\" name=\"question-5\" value=\"5A\" style=\"margin-right: 0.75rem; width: 1.25rem; height: 1.25rem;\">\n                  <span style=\"font-size: 1rem;\">A. <code>elif</code></span>\n                </label>\n              </div>\n            \n              <div class=\"quiz-choice\" style=\"padding: 0.75rem; margin: 0.5rem 0; background: rgba(255,255,255,0.05); border: 1px solid rgba(255,255,255,0.1); border-radius: 0.5rem; cursor: pointer;\" data-choice-id=\"5B\" data-correct=\"false\">\n                <label style=\"display: flex; align-items: center; cursor: pointer;\">\n                  <input type=\"radio\" name=\"question-5\" value=\"5B\" style=\"margin-right: 0.75rem; width: 1.25rem; height: 1.25rem;\">\n                  <span style=\"font-size: 1rem;\">B. <code>then</code></span>\n                </label>\n              </div>\n            \n              <div class=\"quiz-choice\" style=\"padding: 0.75rem; margin: 0.5rem 0; background: rgba(255,255,255,0.05); border: 1px solid rgba(255,255,255,0.1); border-radius: 0.5rem; cursor: pointer;\" data-choice-id=\"5C\" data-correct=\"true\">\n                <label style=\"display: flex; align-items: center; cursor: pointer;\">\n                  <input type=\"radio\" name=\"question-5\" value=\"5C\" style=\"margin-right: 0.75rem; width: 1.25rem; height: 1.25rem;\">\n                  <span style=\"font-size: 1rem;\">C. <code>else</code></span>\n                </label>\n              </div>\n            \n              <div class=\"quiz-choice\" style=\"padding: 0.75rem; margin: 0.5rem 0; background: rgba(255,255,255,0.05); border: 1px solid rgba(255,255,255,0.1); border-radius: 0.5rem; cursor: pointer;\" data-choice-id=\"5D\" data-correct=\"false\">\n                <label style=\"display: flex; align-items: center; cursor: pointer;\">\n                  <input type=\"radio\" name=\"question-5\" value=\"5D\" style=\"margin-right: 0.75rem; width: 1.25rem; height: 1.25rem;\">\n                  <span style=\"font-size: 1rem;\">D. <code>except</code></span>\n                </label>\n              </div>\n            \n          </div>\n        \n        </div>\n        <hr class=\"slide-separator\" />\n      \n\n        <div class=\"module-slide\" data-slide=\"6\">\n          <h2 style=\"color: #60a5fa; margin-bottom: 1rem; font-size: 1.5rem; font-weight: bold;\">\n            Question 6: Syntax for Conditional Blocks\n          </h2>\n          <div class=\"question-content\" style=\"margin-bottom: 1.5rem;\">\n            <p>What punctuation mark must be placed at the end of <code>if</code>, <code>elif</code>, and <code>else</code> lines in Python?</p>\n          </div>\n          <div class=\"question-info\" style=\"display: flex; gap: 1rem; margin-bottom: 1rem; font-size: 0.875rem; color: #94a3b8;\">\n            <span>📝 SHORT ANSWER</span>\n            <span>⭐ 1 point</span>\n          </div>\n          \n          <div style=\"margin-top: 1rem;\">\n            <p style=\"color: #94a3b8; font-size: 0.875rem; margin-bottom: 0.5rem;\">ENUMERATION - Type your answer:</p>\n            <input type=\"text\" placeholder=\"Enter your answer...\" style=\"width: 100%; padding: 0.75rem; background: rgba(255,255,255,0.05); border: 1px solid rgba(255,255,255,0.2); border-radius: 0.5rem; color: white;\" />\n          </div>\n        \n        </div>\n        <hr class=\"slide-separator\" />\n      \n\n        <div class=\"module-slide\" data-slide=\"7\">\n          <h2 style=\"color: #60a5fa; margin-bottom: 1rem; font-size: 1.5rem; font-weight: bold;\">\n            Question 7: Indentation Error\n          </h2>\n          <div class=\"question-content\" style=\"margin-bottom: 1.5rem;\">\n            <p>What specific type of error will Python raise if there is an issue with inconsistent or incorrect indentation in your code blocks?</p>\n          </div>\n          <div class=\"question-info\" style=\"display: flex; gap: 1rem; margin-bottom: 1rem; font-size: 0.875rem; color: #94a3b8;\">\n            <span>📝 SHORT ANSWER</span>\n            <span>⭐ 2 points</span>\n          </div>\n          \n          <div style=\"margin-top: 1rem;\">\n            <p style=\"color: #94a3b8; font-size: 0.875rem; margin-bottom: 0.5rem;\">ENUMERATION - Type your answer:</p>\n            <input type=\"text\" placeholder=\"Enter your answer...\" style=\"width: 100%; padding: 0.75rem; background: rgba(255,255,255,0.05); border: 1px solid rgba(255,255,255,0.2); border-radius: 0.5rem; color: white;\" />\n          </div>\n        \n        </div>\n        <hr class=\"slide-separator\" />\n      \n\n        <div class=\"module-slide\" data-slide=\"8\">\n          <h2 style=\"color: #60a5fa; margin-bottom: 1rem; font-size: 1.5rem; font-weight: bold;\">\n            Question 8: Equality Comparison Operator\n          </h2>\n          <div class=\"question-content\" style=\"margin-bottom: 1.5rem;\">\n            <p>Which of the following operators is used in Python to check if two values are <b>equal</b>?</p>\n          </div>\n          <div class=\"question-info\" style=\"display: flex; gap: 1rem; margin-bottom: 1rem; font-size: 0.875rem; color: #94a3b8;\">\n            <span>📝 MULTIPLE CHOICE</span>\n            <span>⭐ 1 point</span>\n          </div>\n          \n          <div class=\"quiz-choices\" style=\"margin-top: 1rem;\">\n            \n              <div class=\"quiz-choice\" style=\"padding: 0.75rem; margin: 0.5rem 0; background: rgba(255,255,255,0.05); border: 1px solid rgba(255,255,255,0.1); border-radius: 0.5rem; cursor: pointer;\" data-choice-id=\"8A\" data-correct=\"false\">\n                <label style=\"display: flex; align-items: center; cursor: pointer;\">\n                  <input type=\"radio\" name=\"question-8\" value=\"8A\" style=\"margin-right: 0.75rem; width: 1.25rem; height: 1.25rem;\">\n                  <span style=\"font-size: 1rem;\">A. <code>=</code></span>\n                </label>\n              </div>\n            \n              <div class=\"quiz-choice\" style=\"padding: 0.75rem; margin: 0.5rem 0; background: rgba(255,255,255,0.05); border: 1px solid rgba(255,255,255,0.1); border-radius: 0.5rem; cursor: pointer;\" data-choice-id=\"8B\" data-correct=\"false\">\n                <label style=\"display: flex; align-items: center; cursor: pointer;\">\n                  <input type=\"radio\" name=\"question-8\" value=\"8B\" style=\"margin-right: 0.75rem; width: 1.25rem; height: 1.25rem;\">\n                  <span style=\"font-size: 1rem;\">B. <code>!=</code></span>\n                </label>\n              </div>\n            \n              <div class=\"quiz-choice\" style=\"padding: 0.75rem; margin: 0.5rem 0; background: rgba(255,255,255,0.05); border: 1px solid rgba(255,255,255,0.1); border-radius: 0.5rem; cursor: pointer;\" data-choice-id=\"8C\" data-correct=\"true\">\n                <label style=\"display: flex; align-items: center; cursor: pointer;\">\n                  <input type=\"radio\" name=\"question-8\" value=\"8C\" style=\"margin-right: 0.75rem; width: 1.25rem; height: 1.25rem;\">\n                  <span style=\"font-size: 1rem;\">C. <code>==</code></span>\n                </label>\n              </div>\n            \n              <div class=\"quiz-choice\" style=\"padding: 0.75rem; margin: 0.5rem 0; background: rgba(255,255,255,0.05); border: 1px solid rgba(255,255,255,0.1); border-radius: 0.5rem; cursor: pointer;\" data-choice-id=\"8D\" data-correct=\"false\">\n                <label style=\"display: flex; align-items: center; cursor: pointer;\">\n                  <input type=\"radio\" name=\"question-8\" value=\"8D\" style=\"margin-right: 0.75rem; width: 1.25rem; height: 1.25rem;\">\n                  <span style=\"font-size: 1rem;\">D. <code><</code></span>\n                </label>\n              </div>\n            \n          </div>\n        \n        </div>\n        <hr class=\"slide-separator\" />\n      \n\n        <div class=\"module-slide\" data-slide=\"9\">\n          <h2 style=\"color: #60a5fa; margin-bottom: 1rem; font-size: 1.5rem; font-weight: bold;\">\n            Question 9: Assignment vs. Comparison\n          </h2>\n          <div class=\"question-content\" style=\"margin-bottom: 1.5rem;\">\n            <p>True or False: The single equals sign (<code>=</code>) is used to compare two values for equality in Python.</p>\n          </div>\n          <div class=\"question-info\" style=\"display: flex; gap: 1rem; margin-bottom: 1rem; font-size: 0.875rem; color: #94a3b8;\">\n            <span>📝 TRUE FALSE</span>\n            <span>⭐ 1 point</span>\n          </div>\n          \n          <div class=\"quiz-choices\" style=\"margin-top: 1rem;\">\n            <div class=\"quiz-choice\" style=\"padding: 0.75rem; margin: 0.5rem 0; background: rgba(255,255,255,0.05); border: 1px solid rgba(255,255,255,0.1); border-radius: 0.5rem;\">\n              <label style=\"display: flex; align-items: center; cursor: pointer;\">\n                <input type=\"radio\" name=\"question-9\" value=\"true\" style=\"margin-right: 0.75rem; width: 1.25rem; height: 1.25rem;\">\n                <span>True</span>\n              </label>\n            </div>\n            <div class=\"quiz-choice\" style=\"padding: 0.75rem; margin: 0.5rem 0; background: rgba(255,255,255,0.05); border: 1px solid rgba(255,255,255,0.1); border-radius: 0.5rem;\">\n              <label style=\"display: flex; align-items: center; cursor: pointer;\">\n                <input type=\"radio\" name=\"question-9\" value=\"false\" style=\"margin-right: 0.75rem; width: 1.25rem; height: 1.25rem;\">\n                <span>False</span>\n              </label>\n            </div>\n          </div>\n        \n        </div>\n        <hr class=\"slide-separator\" />\n      \n\n        <div class=\"module-slide\" data-slide=\"10\">\n          <h2 style=\"color: #60a5fa; margin-bottom: 1rem; font-size: 1.5rem; font-weight: bold;\">\n            Question 10: Standard Indentation Level\n          </h2>\n          <div class=\"question-content\" style=\"margin-bottom: 1.5rem;\">\n            <p>According to PEP 8, the Python style guide, what is the recommended number of spaces for a single level of indentation?</p>\n          </div>\n          <div class=\"question-info\" style=\"display: flex; gap: 1rem; margin-bottom: 1rem; font-size: 0.875rem; color: #94a3b8;\">\n            <span>📝 MULTIPLE CHOICE</span>\n            <span>⭐ 1 point</span>\n          </div>\n          \n          <div class=\"quiz-choices\" style=\"margin-top: 1rem;\">\n            \n              <div class=\"quiz-choice\" style=\"padding: 0.75rem; margin: 0.5rem 0; background: rgba(255,255,255,0.05); border: 1px solid rgba(255,255,255,0.1); border-radius: 0.5rem; cursor: pointer;\" data-choice-id=\"10A\" data-correct=\"false\">\n                <label style=\"display: flex; align-items: center; cursor: pointer;\">\n                  <input type=\"radio\" name=\"question-10\" value=\"10A\" style=\"margin-right: 0.75rem; width: 1.25rem; height: 1.25rem;\">\n                  <span style=\"font-size: 1rem;\">A. 2 spaces</span>\n                </label>\n              </div>\n            \n              <div class=\"quiz-choice\" style=\"padding: 0.75rem; margin: 0.5rem 0; background: rgba(255,255,255,0.05); border: 1px solid rgba(255,255,255,0.1); border-radius: 0.5rem; cursor: pointer;\" data-choice-id=\"10B\" data-correct=\"false\">\n                <label style=\"display: flex; align-items: center; cursor: pointer;\">\n                  <input type=\"radio\" name=\"question-10\" value=\"10B\" style=\"margin-right: 0.75rem; width: 1.25rem; height: 1.25rem;\">\n                  <span style=\"font-size: 1rem;\">B. 3 spaces</span>\n                </label>\n              </div>\n            \n              <div class=\"quiz-choice\" style=\"padding: 0.75rem; margin: 0.5rem 0; background: rgba(255,255,255,0.05); border: 1px solid rgba(255,255,255,0.1); border-radius: 0.5rem; cursor: pointer;\" data-choice-id=\"10C\" data-correct=\"true\">\n                <label style=\"display: flex; align-items: center; cursor: pointer;\">\n                  <input type=\"radio\" name=\"question-10\" value=\"10C\" style=\"margin-right: 0.75rem; width: 1.25rem; height: 1.25rem;\">\n                  <span style=\"font-size: 1rem;\">C. 4 spaces</span>\n                </label>\n              </div>\n            \n              <div class=\"quiz-choice\" style=\"padding: 0.75rem; margin: 0.5rem 0; background: rgba(255,255,255,0.05); border: 1px solid rgba(255,255,255,0.1); border-radius: 0.5rem; cursor: pointer;\" data-choice-id=\"10D\" data-correct=\"false\">\n                <label style=\"display: flex; align-items: center; cursor: pointer;\">\n                  <input type=\"radio\" name=\"question-10\" value=\"10D\" style=\"margin-right: 0.75rem; width: 1.25rem; height: 1.25rem;\">\n                  <span style=\"font-size: 1rem;\">D. 8 spaces</span>\n                </label>\n              </div>\n            \n          </div>\n        \n        </div>\n        <hr class=\"slide-separator\" />\n      \n\n        <div class=\"module-slide\" data-slide=\"11\">\n          <h2 style=\"color: #60a5fa; margin-bottom: 1rem; font-size: 1.5rem; font-weight: bold;\">\n            Question 11: Interpreting Conditional Output (Part 2)\n          </h2>\n          <div class=\"question-content\" style=\"margin-bottom: 1.5rem;\">\n            <p>Examine the following Python code:</p><pre><code>x = 15\ny = 10\n\nif x > y:\n    if x > 20:\n        print(\"X is very large\")\n    else:\n        print(\"X is larger\")\nelif y > x:\n    print(\"Y is larger\")\nelse:\n    print(\"X and Y are equal\")\n</code></pre><p>What will be the output when this code is executed?</p>\n          </div>\n          <div class=\"question-info\" style=\"display: flex; gap: 1rem; margin-bottom: 1rem; font-size: 0.875rem; color: #94a3b8;\">\n            <span>📝 SHORT ANSWER</span>\n            <span>⭐ 3 points</span>\n          </div>\n          \n          <div style=\"margin-top: 1rem;\">\n            <p style=\"color: #94a3b8; font-size: 0.875rem; margin-bottom: 0.5rem;\">ENUMERATION - Type your answer:</p>\n            <input type=\"text\" placeholder=\"Enter your answer...\" style=\"width: 100%; padding: 0.75rem; background: rgba(255,255,255,0.05); border: 1px solid rgba(255,255,255,0.2); border-radius: 0.5rem; color: white;\" />\n          </div>\n        \n        </div>\n        <hr class=\"slide-separator\" />\n      \n\n        <div class=\"module-slide\" data-slide=\"12\">\n          <h2 style=\"color: #60a5fa; margin-bottom: 1rem; font-size: 1.5rem; font-weight: bold;\">\n            Question 12: Execution Flow of Conditional Statements\n          </h2>\n          <div class=\"question-content\" style=\"margin-bottom: 1.5rem;\">\n            <p>True or False: If the initial <code>if</code> condition in an <code>if-elif-else</code> chain evaluates to <code>True</code>, Python will still check the subsequent <code>elif</code> conditions before executing the <code>if</code> block.</p>\n          </div>\n          <div class=\"question-info\" style=\"display: flex; gap: 1rem; margin-bottom: 1rem; font-size: 0.875rem; color: #94a3b8;\">\n            <span>📝 TRUE FALSE</span>\n            <span>⭐ 2 points</span>\n          </div>\n          \n          <div class=\"quiz-choices\" style=\"margin-top: 1rem;\">\n            <div class=\"quiz-choice\" style=\"padding: 0.75rem; margin: 0.5rem 0; background: rgba(255,255,255,0.05); border: 1px solid rgba(255,255,255,0.1); border-radius: 0.5rem;\">\n              <label style=\"display: flex; align-items: center; cursor: pointer;\">\n                <input type=\"radio\" name=\"question-12\" value=\"true\" style=\"margin-right: 0.75rem; width: 1.25rem; height: 1.25rem;\">\n                <span>True</span>\n              </label>\n            </div>\n            <div class=\"quiz-choice\" style=\"padding: 0.75rem; margin: 0.5rem 0; background: rgba(255,255,255,0.05); border: 1px solid rgba(255,255,255,0.1); border-radius: 0.5rem;\">\n              <label style=\"display: flex; align-items: center; cursor: pointer;\">\n                <input type=\"radio\" name=\"question-12\" value=\"false\" style=\"margin-right: 0.75rem; width: 1.25rem; height: 1.25rem;\">\n                <span>False</span>\n              </label>\n            </div>\n          </div>\n        \n        </div>\n        <hr class=\"slide-separator\" />\n      \n\n        <div class=\"module-slide\" data-slide=\"13\">\n          <h2 style=\"color: #60a5fa; margin-bottom: 1rem; font-size: 1.5rem; font-weight: bold;\">\n            Question 13: Listing Core Conditional Keywords\n          </h2>\n          <div class=\"question-content\" style=\"margin-bottom: 1.5rem;\">\n            <p>List the three primary keywords used to construct a standard conditional statement structure in Python, in the typical order they would appear.</p>\n          </div>\n          <div class=\"question-info\" style=\"display: flex; gap: 1rem; margin-bottom: 1rem; font-size: 0.875rem; color: #94a3b8;\">\n            <span>📝 ENUMERATION</span>\n            <span>⭐ 2 points</span>\n          </div>\n          \n          <div style=\"margin-top: 1rem;\">\n            <p style=\"color: #94a3b8; font-size: 0.875rem; margin-bottom: 0.5rem;\">ENUMERATION - Type your answer:</p>\n            <input type=\"text\" placeholder=\"Enter your answer...\" style=\"width: 100%; padding: 0.75rem; background: rgba(255,255,255,0.05); border: 1px solid rgba(255,255,255,0.2); border-radius: 0.5rem; color: white;\" />\n          </div>\n        \n        </div>\n        <hr class=\"slide-separator\" />\n      \n\n        <div class=\"module-slide\" data-slide=\"14\">\n          <h2 style=\"color: #60a5fa; margin-bottom: 1rem; font-size: 1.5rem; font-weight: bold;\">\n            Question 14: Displaying Output\n          </h2>\n          <div class=\"question-content\" style=\"margin-bottom: 1.5rem;\">\n            <p>Which built-in Python function is commonly used to display messages or variable values to the console?</p>\n          </div>\n          <div class=\"question-info\" style=\"display: flex; gap: 1rem; margin-bottom: 1rem; font-size: 0.875rem; color: #94a3b8;\">\n            <span>📝 MULTIPLE CHOICE</span>\n            <span>⭐ 1 point</span>\n          </div>\n          \n          <div class=\"quiz-choices\" style=\"margin-top: 1rem;\">\n            \n              <div class=\"quiz-choice\" style=\"padding: 0.75rem; margin: 0.5rem 0; background: rgba(255,255,255,0.05); border: 1px solid rgba(255,255,255,0.1); border-radius: 0.5rem; cursor: pointer;\" data-choice-id=\"14A\" data-correct=\"false\">\n                <label style=\"display: flex; align-items: center; cursor: pointer;\">\n                  <input type=\"radio\" name=\"question-14\" value=\"14A\" style=\"margin-right: 0.75rem; width: 1.25rem; height: 1.25rem;\">\n                  <span style=\"font-size: 1rem;\">A. <code>input()</code></span>\n                </label>\n              </div>\n            \n              <div class=\"quiz-choice\" style=\"padding: 0.75rem; margin: 0.5rem 0; background: rgba(255,255,255,0.05); border: 1px solid rgba(255,255,255,0.1); border-radius: 0.5rem; cursor: pointer;\" data-choice-id=\"14B\" data-correct=\"false\">\n                <label style=\"display: flex; align-items: center; cursor: pointer;\">\n                  <input type=\"radio\" name=\"question-14\" value=\"14B\" style=\"margin-right: 0.75rem; width: 1.25rem; height: 1.25rem;\">\n                  <span style=\"font-size: 1rem;\">B. <code>display()</code></span>\n                </label>\n              </div>\n            \n              <div class=\"quiz-choice\" style=\"padding: 0.75rem; margin: 0.5rem 0; background: rgba(255,255,255,0.05); border: 1px solid rgba(255,255,255,0.1); border-radius: 0.5rem; cursor: pointer;\" data-choice-id=\"14C\" data-correct=\"false\">\n                <label style=\"display: flex; align-items: center; cursor: pointer;\">\n                  <input type=\"radio\" name=\"question-14\" value=\"14C\" style=\"margin-right: 0.75rem; width: 1.25rem; height: 1.25rem;\">\n                  <span style=\"font-size: 1rem;\">C. <code>show()</code></span>\n                </label>\n              </div>\n            \n              <div class=\"quiz-choice\" style=\"padding: 0.75rem; margin: 0.5rem 0; background: rgba(255,255,255,0.05); border: 1px solid rgba(255,255,255,0.1); border-radius: 0.5rem; cursor: pointer;\" data-choice-id=\"14D\" data-correct=\"true\">\n                <label style=\"display: flex; align-items: center; cursor: pointer;\">\n                  <input type=\"radio\" name=\"question-14\" value=\"14D\" style=\"margin-right: 0.75rem; width: 1.25rem; height: 1.25rem;\">\n                  <span style=\"font-size: 1rem;\">D. <code>print()</code></span>\n                </label>\n              </div>\n            \n          </div>\n        \n        </div>",
    "time_limit_minutes": 1,
    "passing_score": 70,
    "max_attempts": 3,
    "randomize_questions": true,
    "created_at": "2025-12-14T07:16:24.028Z",
    "updated_at": "2025-12-14T07:16:24.028Z"
  }
},
{
  "model": "learning.quiz",
  "pk": "daf4d61b-0b17-462e-8697-89138aa3292d",
  "fields": {
    "learning_module": "90be9a89-e07f-4fe2-a41b-1230a42229ea",
    "title": "Quiz for Module 2: Abstract Data Types & Hierarchical Structures",
    "description": "Test your knowledge on Stacks, Queues, Trees, and Heaps.",
    "content": "",
    "time_limit_minutes": 30,
    "passing_score": 70,
    "max_attempts": 3,
    "randomize_questions": true,
    "created_at": "2025-12-14T15:30:56.177Z",
    "updated_at": "2025-12-14T15:30:56.177Z"
  }
},
{
  "model": "learning.quiz",
  "pk": "e8c01bd2-4934-4fdc-82fd-cfb53287ae17",
  "fields": {
    "learning_module": "2f14848a-3f03-4a6f-912e-74719d18422a",
    "title": "Module 1 Quiz",
    "description": "Assesses the learner’s understanding of Python variables, basic data types, and simple value assignment.",
    "content": "<div class=\"module-slide\" data-slide=\"1\">\n          <h2 style=\"color: #60a5fa; margin-bottom: 1rem; font-size: 1.5rem; font-weight: bold;\">\n            Question 1: Assignment Operator\n          </h2>\n          <div class=\"question-content\" style=\"margin-bottom: 1.5rem;\">\n            <p>Which of the following symbols is used to assign a value to a variable in most programming languages?</p>\n          </div>\n          <div class=\"question-info\" style=\"display: flex; gap: 1rem; margin-bottom: 1rem; font-size: 0.875rem; color: #94a3b8;\">\n            <span>📝 MULTIPLE CHOICE</span>\n            <span>⭐ 1 point</span>\n          </div>\n          \n          <div class=\"quiz-choices\" style=\"margin-top: 1rem;\">\n            \n              <div class=\"quiz-choice\" style=\"padding: 0.75rem; margin: 0.5rem 0; background: rgba(255,255,255,0.05); border: 1px solid rgba(255,255,255,0.1); border-radius: 0.5rem; cursor: pointer;\" data-choice-id=\"1\" data-correct=\"false\">\n                <label style=\"display: flex; align-items: center; cursor: pointer;\">\n                  <input type=\"radio\" name=\"question-1\" value=\"1\" style=\"margin-right: 0.75rem; width: 1.25rem; height: 1.25rem;\">\n                  <span style=\"font-size: 1rem;\">A. ==</span>\n                </label>\n              </div>\n            \n              <div class=\"quiz-choice\" style=\"padding: 0.75rem; margin: 0.5rem 0; background: rgba(255,255,255,0.05); border: 1px solid rgba(255,255,255,0.1); border-radius: 0.5rem; cursor: pointer;\" data-choice-id=\"2\" data-correct=\"true\">\n                <label style=\"display: flex; align-items: center; cursor: pointer;\">\n                  <input type=\"radio\" name=\"question-1\" value=\"2\" style=\"margin-right: 0.75rem; width: 1.25rem; height: 1.25rem;\">\n                  <span style=\"font-size: 1rem;\">B. =</span>\n                </label>\n              </div>\n            \n              <div class=\"quiz-choice\" style=\"padding: 0.75rem; margin: 0.5rem 0; background: rgba(255,255,255,0.05); border: 1px solid rgba(255,255,255,0.1); border-radius: 0.5rem; cursor: pointer;\" data-choice-id=\"3\" data-correct=\"false\">\n                <label style=\"display: flex; align-items: center; cursor: pointer;\">\n                  <input type=\"radio\" name=\"question-1\" value=\"3\" style=\"margin-right: 0.75rem; width: 1.25rem; height: 1.25rem;\">\n                  <span style=\"font-size: 1rem;\">C. +</span>\n                </label>\n              </div>\n            \n              <div class=\"quiz-choice\" style=\"padding: 0.75rem; margin: 0.5rem 0; background: rgba(255,255,255,0.05); border: 1px solid rgba(255,255,255,0.1); border-radius: 0.5rem; cursor: pointer;\" data-choice-id=\"4\" data-correct=\"false\">\n                <label style=\"display: flex; align-items: center; cursor: pointer;\">\n                  <input type=\"radio\" name=\"question-1\" value=\"4\" style=\"margin-right: 0.75rem; width: 1.25rem; height: 1.25rem;\">\n                  <span style=\"font-size: 1rem;\">D. :=</span>\n                </label>\n              </div>\n            \n          </div>\n        \n        </div>\n        <hr class=\"slide-separator\" />\n      \n\n        <div class=\"module-slide\" data-slide=\"2\">\n          <h2 style=\"color: #60a5fa; margin-bottom: 1rem; font-size: 1.5rem; font-weight: bold;\">\n            Question 2: Data Type of 'Hello'\n          </h2>\n          <div class=\"question-content\" style=\"margin-bottom: 1.5rem;\">\n            <p>What data type would the value 'Hello' typically be classified as?</p>\n          </div>\n          <div class=\"question-info\" style=\"display: flex; gap: 1rem; margin-bottom: 1rem; font-size: 0.875rem; color: #94a3b8;\">\n            <span>📝 MULTIPLE CHOICE</span>\n            <span>⭐ 1 point</span>\n          </div>\n          \n          <div class=\"quiz-choices\" style=\"margin-top: 1rem;\">\n            \n              <div class=\"quiz-choice\" style=\"padding: 0.75rem; margin: 0.5rem 0; background: rgba(255,255,255,0.05); border: 1px solid rgba(255,255,255,0.1); border-radius: 0.5rem; cursor: pointer;\" data-choice-id=\"1\" data-correct=\"false\">\n                <label style=\"display: flex; align-items: center; cursor: pointer;\">\n                  <input type=\"radio\" name=\"question-2\" value=\"1\" style=\"margin-right: 0.75rem; width: 1.25rem; height: 1.25rem;\">\n                  <span style=\"font-size: 1rem;\">A. Integer</span>\n                </label>\n              </div>\n            \n              <div class=\"quiz-choice\" style=\"padding: 0.75rem; margin: 0.5rem 0; background: rgba(255,255,255,0.05); border: 1px solid rgba(255,255,255,0.1); border-radius: 0.5rem; cursor: pointer;\" data-choice-id=\"2\" data-correct=\"false\">\n                <label style=\"display: flex; align-items: center; cursor: pointer;\">\n                  <input type=\"radio\" name=\"question-2\" value=\"2\" style=\"margin-right: 0.75rem; width: 1.25rem; height: 1.25rem;\">\n                  <span style=\"font-size: 1rem;\">B. Boolean</span>\n                </label>\n              </div>\n            \n              <div class=\"quiz-choice\" style=\"padding: 0.75rem; margin: 0.5rem 0; background: rgba(255,255,255,0.05); border: 1px solid rgba(255,255,255,0.1); border-radius: 0.5rem; cursor: pointer;\" data-choice-id=\"3\" data-correct=\"true\">\n                <label style=\"display: flex; align-items: center; cursor: pointer;\">\n                  <input type=\"radio\" name=\"question-2\" value=\"3\" style=\"margin-right: 0.75rem; width: 1.25rem; height: 1.25rem;\">\n                  <span style=\"font-size: 1rem;\">C. String</span>\n                </label>\n              </div>\n            \n              <div class=\"quiz-choice\" style=\"padding: 0.75rem; margin: 0.5rem 0; background: rgba(255,255,255,0.05); border: 1px solid rgba(255,255,255,0.1); border-radius: 0.5rem; cursor: pointer;\" data-choice-id=\"4\" data-correct=\"false\">\n                <label style=\"display: flex; align-items: center; cursor: pointer;\">\n                  <input type=\"radio\" name=\"question-2\" value=\"4\" style=\"margin-right: 0.75rem; width: 1.25rem; height: 1.25rem;\">\n                  <span style=\"font-size: 1rem;\">D. Float</span>\n                </label>\n              </div>\n            \n          </div>\n        \n        </div>\n        <hr class=\"slide-separator\" />\n      \n\n        <div class=\"module-slide\" data-slide=\"3\">\n          <h2 style=\"color: #60a5fa; margin-bottom: 1rem; font-size: 1.5rem; font-weight: bold;\">\n            Question 3: True as Boolean\n          </h2>\n          <div class=\"question-content\" style=\"margin-bottom: 1.5rem;\">\n            <p>True or False: The value True is a boolean value.</p>\n          </div>\n          <div class=\"question-info\" style=\"display: flex; gap: 1rem; margin-bottom: 1rem; font-size: 0.875rem; color: #94a3b8;\">\n            <span>📝 TRUE FALSE</span>\n            <span>⭐ 1 point</span>\n          </div>\n          \n          <div class=\"quiz-choices\" style=\"margin-top: 1rem;\">\n            <div class=\"quiz-choice\" style=\"padding: 0.75rem; margin: 0.5rem 0; background: rgba(255,255,255,0.05); border: 1px solid rgba(255,255,255,0.1); border-radius: 0.5rem;\">\n              <label style=\"display: flex; align-items: center; cursor: pointer;\">\n                <input type=\"radio\" name=\"question-3\" value=\"true\" style=\"margin-right: 0.75rem; width: 1.25rem; height: 1.25rem;\">\n                <span>True</span>\n              </label>\n            </div>\n            <div class=\"quiz-choice\" style=\"padding: 0.75rem; margin: 0.5rem 0; background: rgba(255,255,255,0.05); border: 1px solid rgba(255,255,255,0.1); border-radius: 0.5rem;\">\n              <label style=\"display: flex; align-items: center; cursor: pointer;\">\n                <input type=\"radio\" name=\"question-3\" value=\"false\" style=\"margin-right: 0.75rem; width: 1.25rem; height: 1.25rem;\">\n                <span>False</span>\n              </label>\n            </div>\n          </div>\n        \n        </div>\n        <hr class=\"slide-separator\" />\n      \n\n        <div class=\"module-slide\" data-slide=\"4\">\n          <h2 style=\"color: #60a5fa; margin-bottom: 1rem; font-size: 1.5rem; font-weight: bold;\">\n            Question 4: Variable Naming Rules\n          </h2>\n          <div class=\"question-content\" style=\"margin-bottom: 1.5rem;\">\n            <p>List three common rules or conventions for naming variables in programming.</p>\n          </div>\n          <div class=\"question-info\" style=\"display: flex; gap: 1rem; margin-bottom: 1rem; font-size: 0.875rem; color: #94a3b8;\">\n            <span>📝 ENUMERATION</span>\n            <span>⭐ 2 points</span>\n          </div>\n          \n          <div style=\"margin-top: 1rem;\">\n            <p style=\"color: #94a3b8; font-size: 0.875rem; margin-bottom: 0.5rem;\">ENUMERATION - Type your answer:</p>\n            <input type=\"text\" placeholder=\"Enter your answer...\" style=\"width: 100%; padding: 0.75rem; background: rgba(255,255,255,0.05); border: 1px solid rgba(255,255,255,0.2); border-radius: 0.5rem; color: white;\" />\n          </div>\n        \n        </div>\n        <hr class=\"slide-separator\" />\n      \n\n        <div class=\"module-slide\" data-slide=\"5\">\n          <h2 style=\"color: #60a5fa; margin-bottom: 1rem; font-size: 1.5rem; font-weight: bold;\">\n            Question 5: Integer vs. Float\n          </h2>\n          <div class=\"question-content\" style=\"margin-bottom: 1.5rem;\">\n            <p>Explain the difference between an integer and a float data type, and provide an example of each.</p>\n          </div>\n          <div class=\"question-info\" style=\"display: flex; gap: 1rem; margin-bottom: 1rem; font-size: 0.875rem; color: #94a3b8;\">\n            <span>📝 ESSAY</span>\n            <span>⭐ 3 points</span>\n          </div>\n          \n          <div style=\"margin-top: 1rem;\">\n            <p style=\"color: #94a3b8; font-size: 0.875rem; margin-bottom: 0.5rem;\">ESSAY - Write your answer:</p>\n            <textarea placeholder=\"Type your answer here...\" rows=\"4\" style=\"width: 100%; padding: 0.75rem; background: rgba(255,255,255,0.05); border: 1px solid rgba(255,255,255,0.2); border-radius: 0.5rem; color: white;\"></textarea>\n          </div>\n        \n        </div>\n        <hr class=\"slide-separator\" />\n      \n\n        <div class=\"module-slide\" data-slide=\"6\">\n          <h2 style=\"color: #60a5fa; margin-bottom: 1rem; font-size: 1.5rem; font-weight: bold;\">\n            Question 6: String Concatenation\n          </h2>\n          <div class=\"question-content\" style=\"margin-bottom: 1.5rem;\">\n            <p>What is string concatenation, and how is it typically performed in programming?</p>\n          </div>\n          <div class=\"question-info\" style=\"display: flex; gap: 1rem; margin-bottom: 1rem; font-size: 0.875rem; color: #94a3b8;\">\n            <span>📝 SHORT ANSWER</span>\n            <span>⭐ 2 points</span>\n          </div>\n          \n          <div style=\"margin-top: 1rem;\">\n            <p style=\"color: #94a3b8; font-size: 0.875rem; margin-bottom: 0.5rem;\">ENUMERATION - Type your answer:</p>\n            <input type=\"text\" placeholder=\"Enter your answer...\" style=\"width: 100%; padding: 0.75rem; background: rgba(255,255,255,0.05); border: 1px solid rgba(255,255,255,0.2); border-radius: 0.5rem; color: white;\" />\n          </div>\n        \n        </div>\n        <hr class=\"slide-separator\" />\n      \n\n        <div class=\"module-slide\" data-slide=\"7\">\n          <h2 style=\"color: #60a5fa; margin-bottom: 1rem; font-size: 1.5rem; font-weight: bold;\">\n            Question 7: Boolean Operators\n          </h2>\n          <div class=\"question-content\" style=\"margin-bottom: 1.5rem;\">\n            <p>Which of the following is NOT a common boolean operator?</p>\n          </div>\n          <div class=\"question-info\" style=\"display: flex; gap: 1rem; margin-bottom: 1rem; font-size: 0.875rem; color: #94a3b8;\">\n            <span>📝 MULTIPLE CHOICE</span>\n            <span>⭐ 1 point</span>\n          </div>\n          \n          <div class=\"quiz-choices\" style=\"margin-top: 1rem;\">\n            \n              <div class=\"quiz-choice\" style=\"padding: 0.75rem; margin: 0.5rem 0; background: rgba(255,255,255,0.05); border: 1px solid rgba(255,255,255,0.1); border-radius: 0.5rem; cursor: pointer;\" data-choice-id=\"1\" data-correct=\"false\">\n                <label style=\"display: flex; align-items: center; cursor: pointer;\">\n                  <input type=\"radio\" name=\"question-7\" value=\"1\" style=\"margin-right: 0.75rem; width: 1.25rem; height: 1.25rem;\">\n                  <span style=\"font-size: 1rem;\">A. AND</span>\n                </label>\n              </div>\n            \n              <div class=\"quiz-choice\" style=\"padding: 0.75rem; margin: 0.5rem 0; background: rgba(255,255,255,0.05); border: 1px solid rgba(255,255,255,0.1); border-radius: 0.5rem; cursor: pointer;\" data-choice-id=\"2\" data-correct=\"false\">\n                <label style=\"display: flex; align-items: center; cursor: pointer;\">\n                  <input type=\"radio\" name=\"question-7\" value=\"2\" style=\"margin-right: 0.75rem; width: 1.25rem; height: 1.25rem;\">\n                  <span style=\"font-size: 1rem;\">B. OR</span>\n                </label>\n              </div>\n            \n              <div class=\"quiz-choice\" style=\"padding: 0.75rem; margin: 0.5rem 0; background: rgba(255,255,255,0.05); border: 1px solid rgba(255,255,255,0.1); border-radius: 0.5rem; cursor: pointer;\" data-choice-id=\"3\" data-correct=\"false\">\n                <label style=\"display: flex; align-items: center; cursor: pointer;\">\n                  <input type=\"radio\" name=\"question-7\" value=\"3\" style=\"margin-right: 0.75rem; width: 1.25rem; height: 1.25rem;\">\n                  <span style=\"font-size: 1rem;\">C. NOT</span>\n                </label>\n              </div>\n            \n              <div class=\"quiz-choice\" style=\"padding: 0.75rem; margin: 0.5rem 0; background: rgba(255,255,255,0.05); border: 1px solid rgba(255,255,255,0.1); border-radius: 0.5rem; cursor: pointer;\" data-choice-id=\"4\" data-correct=\"true\">\n                <label style=\"display: flex; align-items: center; cursor: pointer;\">\n                  <input type=\"radio\" name=\"question-7\" value=\"4\" style=\"margin-right: 0.75rem; width: 1.25rem; height: 1.25rem;\">\n                  <span style=\"font-size: 1rem;\">D. XOR</span>\n                </label>\n              </div>\n            \n          </div>\n        \n        </div>\n        <hr class=\"slide-separator\" />\n      \n\n        <div class=\"module-slide\" data-slide=\"8\">\n          <h2 style=\"color: #60a5fa; margin-bottom: 1rem; font-size: 1.5rem; font-weight: bold;\">\n            Question 8: Importance of Data Types\n          </h2>\n          <div class=\"question-content\" style=\"margin-bottom: 1.5rem;\">\n            <p>Explain why understanding data types is important in programming.</p>\n          </div>\n          <div class=\"question-info\" style=\"display: flex; gap: 1rem; margin-bottom: 1rem; font-size: 0.875rem; color: #94a3b8;\">\n            <span>📝 ESSAY</span>\n            <span>⭐ 3 points</span>\n          </div>\n          \n          <div style=\"margin-top: 1rem;\">\n            <p style=\"color: #94a3b8; font-size: 0.875rem; margin-bottom: 0.5rem;\">ESSAY - Write your answer:</p>\n            <textarea placeholder=\"Type your answer here...\" rows=\"4\" style=\"width: 100%; padding: 0.75rem; background: rgba(255,255,255,0.05); border: 1px solid rgba(255,255,255,0.2); border-radius: 0.5rem; color: white;\"></textarea>\n          </div>\n        \n        </div>",
    "time_limit_minutes": 5,
    "passing_score": 70,
    "max_attempts": 3,
    "randomize_questions": true,
    "created_at": "2025-12-13T15:00:48.412Z",
    "updated_at": "2025-12-13T15:00:48.413Z"
  }
},
{
  "model": "learning.userprogress",
  "pk": "0a6276a5-d33c-4493-8abb-877dd40b56fd",
  "fields": {
    "user": [
      "mfostanes@ssct.edu.ph"
    ],
    "career_path": "ec490f52-a98d-4e1e-87f2-91eb8dce16e6",
    "learning_module": "2f14848a-3f03-4a6f-912e-74719d18422a",
    "completion_percentage": 100,
    "is_completed": false,
    "current_slide": 1,
    "total_slides": 2,
    "started_at": "2025-12-13T17:09:10.251Z",
    "completed_at": null,
    "last_accessed_at": "2025-12-13T17:09:16.557Z"
  }
},
{
  "model": "learning.quizattempt",
  "pk": "843dbf04-b68d-4243-bad1-90af2561148b",
  "fields": {
    "user": [
      "mfostanes@ssct.edu.ph"
    ],
    "quiz": "e8c01bd2-4934-4fdc-82fd-cfb53287ae17",
    "score": "64.00",
    "time_taken_seconds": 157,
    "status": "completed",
    "started_at": "2025-12-13T17:11:57.495Z",
    "submitted_at": "2025-12-13T17:11:57.487Z"
  }
},
{
  "model": "learning.enrollment",
  "pk": "0611bf23-62e9-44da-95ae-8f9e2ed8b041",
  "fields": {
    "user": [
      "mfostanes@ssct.edu.ph"
    ],
    "career_path": "ec490f52-a98d-4e1e-87f2-91eb8dce16e6",
    "status": "active",
    "progress_percentage": 0,
    "enrolled_at": "2025-12-13T15:03:38.508Z",
    "completed_at": null
  }
},
{
  "model": "community.post",
  "pk": "14f93eb7-d507-4d0d-b2b7-b7c6c9f6a4f8",
  "fields": {
    "author": [
      "mfostanes@ssct.edu.ph"
    ],
    "organization": null,
    "title": "",
    "content": "UChiha MAdaRA",
    "code_snippet": {},
    "image": "post_images/wp13667497.webp",
    "post_type": "image",
    "is_pinned": false,
    "is_locked": false,
    "like_count": 1,
    "comment_count": 0,
    "view_count": 0,
    "created_at": "2025-11-30T13:03:40.778Z",
    "updated_at": "2025-11-30T13:03:43.635Z"
  }
},
{
  "model": "community.post",
  "pk": "44c477b2-0023-4e23-99e3-5769a57e2b07",
  "fields": {
    "author": [
      "fostanesmarkrenier@gmail.com"
    ],
    "organization": "443f38b5-b13e-4930-9f2b-21827b6cf165",
    "title": "",
    "content": "HELLO Computer Scientest!!!!\r\n\r\n I’m Master Foxt, a Software Engineer. I design and build reliable, maintainable software that solves real problems and scales with users.\r\n\r\nCore strengths: translating product goals into clean architecture, writing readable test-driven code, and shipping resilient services.\r\n\r\nAreas I focus on: full-stack development, cloud-native patterns, API design, and automation of repetitive workflows.\r\n\r\nHow I work: pragmatic, data-informed, and collaborative — I prioritize clarity, fast feedback, and measurable outcomes.",
    "code_snippet": {},
    "image": "post_images/profile2nobg.png",
    "post_type": "image",
    "is_pinned": false,
    "is_locked": false,
    "like_count": 1,
    "comment_count": 4,
    "view_count": 0,
    "created_at": "2025-11-30T14:14:45.673Z",
    "updated_at": "2025-12-08T08:36:56.031Z"
  }
},
{
  "model": "community.post",
  "pk": "765c6c19-d606-48c9-8399-542c92d0ddda",
  "fields": {
    "author": [
      "vfrancisco@ssct.edu.ph"
    ],
    "organization": null,
    "title": "",
    "content": "LF Tutor",
    "code_snippet": {},
    "image": "post_images/fostanes_passport_1.jpg",
    "post_type": "image",
    "is_pinned": false,
    "is_locked": false,
    "like_count": 1,
    "comment_count": 2,
    "view_count": 0,
    "created_at": "2025-12-10T04:54:42.957Z",
    "updated_at": "2025-12-10T04:55:24.712Z"
  }
},
{
  "model": "community.post",
  "pk": "81180d69-20c4-49ba-bf84-aba78f0252c9",
  "fields": {
    "author": [
      "fostanesmarkrenier@gmail.com"
    ],
    "organization": null,
    "title": "",
    "content": "dsfgsdrfsad",
    "code_snippet": {},
    "image": "",
    "post_type": "text",
    "is_pinned": false,
    "is_locked": false,
    "like_count": 0,
    "comment_count": 1,
    "view_count": 0,
    "created_at": "2025-11-20T13:48:18.540Z",
    "updated_at": "2025-11-26T16:46:55.324Z"
  }
},
{
  "model": "community.post",
  "pk": "92cbd060-d493-47ac-8274-9ba4f1f490fe",
  "fields": {
    "author": [
      "fostanesmarkrenier@gmail.com"
    ],
    "organization": null,
    "title": "",
    "content": "asdasd",
    "code_snippet": {},
    "image": "",
    "post_type": "text",
    "is_pinned": false,
    "is_locked": false,
    "like_count": 2,
    "comment_count": 2,
    "view_count": 0,
    "created_at": "2025-11-26T16:46:58.675Z",
    "updated_at": "2025-11-30T13:36:46.674Z"
  }
},
{
  "model": "community.post",
  "pk": "9598d0aa-0d3c-47a9-b928-23afe22c35a5",
  "fields": {
    "author": [
      "fostanesmarkrenier@gmail.com"
    ],
    "organization": null,
    "title": "",
    "content": "Zxasda",
    "code_snippet": {},
    "image": "post_images/4bb910a1-a239-46c4-b3f2-61a8dc4d765a.jpg",
    "post_type": "image",
    "is_pinned": false,
    "is_locked": false,
    "like_count": 1,
    "comment_count": 3,
    "view_count": 0,
    "created_at": "2025-11-26T17:06:43.977Z",
    "updated_at": "2025-11-26T17:33:13.336Z"
  }
},
{
  "model": "community.post",
  "pk": "d0d36890-dc08-4c88-891a-fb910a3eb0e8",
  "fields": {
    "author": [
      "mfostanes@ssct.edu.ph"
    ],
    "organization": "443f38b5-b13e-4930-9f2b-21827b6cf165",
    "title": "",
    "content": "HELLOOOO",
    "code_snippet": {},
    "image": "post_images/1328396.png",
    "post_type": "text",
    "is_pinned": false,
    "is_locked": false,
    "like_count": 2,
    "comment_count": 1,
    "view_count": 0,
    "created_at": "2025-11-30T13:53:19.511Z",
    "updated_at": "2025-11-30T14:26:13.914Z"
  }
},
{
  "model": "community.post",
  "pk": "f40ddef4-afa8-463d-b68e-e70faa39aaaf",
  "fields": {
    "author": [
      "fostanesmarkrenier@gmail.com"
    ],
    "organization": null,
    "title": "",
    "content": "jiohugyftxdff fgdg",
    "code_snippet": {},
    "image": "post_images/5ea8a8fc1a36fc254ecc7948dd0d3fce86e9ed3d_hq.jpg",
    "post_type": "image",
    "is_pinned": false,
    "is_locked": false,
    "like_count": 1,
    "comment_count": 2,
    "view_count": 0,
    "created_at": "2025-12-01T07:01:15.027Z",
    "updated_at": "2025-12-08T08:36:45.694Z"
  }
},
{
  "model": "community.comment",
  "pk": "01840195-d273-4516-acbd-2ae36ea4967d",
  "fields": {
    "post": "44c477b2-0023-4e23-99e3-5769a57e2b07",
    "author": [
      "fostanesmarkrenier@gmail.com"
    ],
    "parent": "8071385f-0174-47a8-85eb-391e9656e08e",
    "content": "@admin huh",
    "like_count": 0,
    "is_edited": false,
    "created_at": "2025-11-30T14:44:34.382Z",
    "updated_at": "2025-11-30T14:44:34.382Z"
  }
},
{
  "model": "community.comment",
  "pk": "198cf89b-a15c-4205-a5c4-1d53e2a84cc4",
  "fields": {
    "post": "81180d69-20c4-49ba-bf84-aba78f0252c9",
    "author": [
      "fostanesmarkrenier@gmail.com"
    ],
    "parent": null,
    "content": "asdfas",
    "like_count": 0,
    "is_edited": false,
    "created_at": "2025-11-26T16:46:55.307Z",
    "updated_at": "2025-11-26T16:46:55.307Z"
  }
},
{
  "model": "community.comment",
  "pk": "1f159808-55fa-4262-8e9e-8a556f87924f",
  "fields": {
    "post": "9598d0aa-0d3c-47a9-b928-23afe22c35a5",
    "author": [
      "fostanesmarkrenier@gmail.com"
    ],
    "parent": null,
    "content": "sdasd",
    "like_count": 0,
    "is_edited": false,
    "created_at": "2025-11-26T17:06:51.000Z",
    "updated_at": "2025-11-26T17:06:51.000Z"
  }
},
{
  "model": "community.comment",
  "pk": "2aab2616-5cc1-4211-bd21-da3a6b278d50",
  "fields": {
    "post": "44c477b2-0023-4e23-99e3-5769a57e2b07",
    "author": [
      "fostanesmarkrenier@gmail.com"
    ],
    "parent": "8071385f-0174-47a8-85eb-391e9656e08e",
    "content": "why",
    "like_count": 0,
    "is_edited": false,
    "created_at": "2025-11-30T14:38:18.153Z",
    "updated_at": "2025-11-30T14:38:18.153Z"
  }
},
{
  "model": "community.comment",
  "pk": "5ba7fdb0-356b-4b27-952b-988b5e7dd130",
  "fields": {
    "post": "f40ddef4-afa8-463d-b68e-e70faa39aaaf",
    "author": [
      "fostanesmarkrenier@gmail.com"
    ],
    "parent": null,
    "content": "sdfbgnhgm",
    "like_count": 1,
    "is_edited": false,
    "created_at": "2025-12-01T07:01:21.103Z",
    "updated_at": "2025-12-01T07:01:22.806Z"
  }
},
{
  "model": "community.comment",
  "pk": "5edef79e-4a04-4df9-8e2d-c2740c7e7b18",
  "fields": {
    "post": "92cbd060-d493-47ac-8274-9ba4f1f490fe",
    "author": [
      "fostanesmarkrenier@gmail.com"
    ],
    "parent": null,
    "content": "adasdasd",
    "like_count": 1,
    "is_edited": false,
    "created_at": "2025-11-26T17:01:13.752Z",
    "updated_at": "2025-11-26T17:11:56.099Z"
  }
},
{
  "model": "community.comment",
  "pk": "748805c2-84cf-47b9-9851-63148b5e0dd3",
  "fields": {
    "post": "92cbd060-d493-47ac-8274-9ba4f1f490fe",
    "author": [
      "fostanesmarkrenier@gmail.com"
    ],
    "parent": "5edef79e-4a04-4df9-8e2d-c2740c7e7b18",
    "content": "hi",
    "like_count": 0,
    "is_edited": false,
    "created_at": "2025-11-26T17:12:00.082Z",
    "updated_at": "2025-11-26T17:12:00.082Z"
  }
},
{
  "model": "community.comment",
  "pk": "8071385f-0174-47a8-85eb-391e9656e08e",
  "fields": {
    "post": "44c477b2-0023-4e23-99e3-5769a57e2b07",
    "author": [
      "fostanesmarkrenier@gmail.com"
    ],
    "parent": null,
    "content": "follow me\\",
    "like_count": 1,
    "is_edited": false,
    "created_at": "2025-11-30T14:22:32.341Z",
    "updated_at": "2025-11-30T14:33:40.164Z"
  }
},
{
  "model": "community.comment",
  "pk": "a5df2610-5984-4315-a68b-5d800a088608",
  "fields": {
    "post": "765c6c19-d606-48c9-8399-542c92d0ddda",
    "author": [
      "vfrancisco@ssct.edu.ph"
    ],
    "parent": "ca969146-02f1-431d-b441-e243b5f5d5a2",
    "content": "afsgdfhfgefwd",
    "like_count": 0,
    "is_edited": false,
    "created_at": "2025-12-10T04:55:24.693Z",
    "updated_at": "2025-12-10T04:55:24.693Z"
  }
},
{
  "model": "community.comment",
  "pk": "a6f62a36-bcc2-4263-9e15-b9255c2de506",
  "fields": {
    "post": "44c477b2-0023-4e23-99e3-5769a57e2b07",
    "author": [
      "fostanesmarkrenier@gmail.com"
    ],
    "parent": "8071385f-0174-47a8-85eb-391e9656e08e",
    "content": "asfasf",
    "like_count": 0,
    "is_edited": false,
    "created_at": "2025-11-30T14:38:32.205Z",
    "updated_at": "2025-11-30T14:38:32.205Z"
  }
},
{
  "model": "community.comment",
  "pk": "beb62ec0-8acb-4381-966b-de351eea413d",
  "fields": {
    "post": "9598d0aa-0d3c-47a9-b928-23afe22c35a5",
    "author": [
      "fostanesmarkrenier@gmail.com"
    ],
    "parent": "1f159808-55fa-4262-8e9e-8a556f87924f",
    "content": "@admin dasda",
    "like_count": 0,
    "is_edited": false,
    "created_at": "2025-11-26T17:33:13.314Z",
    "updated_at": "2025-11-26T17:33:13.314Z"
  }
},
{
  "model": "community.comment",
  "pk": "c9236ce3-d1bc-43bc-b098-4daca140f6e1",
  "fields": {
    "post": "9598d0aa-0d3c-47a9-b928-23afe22c35a5",
    "author": [
      "fostanesmarkrenier@gmail.com"
    ],
    "parent": "1f159808-55fa-4262-8e9e-8a556f87924f",
    "content": "asdasd",
    "like_count": 0,
    "is_edited": false,
    "created_at": "2025-11-26T17:33:08.403Z",
    "updated_at": "2025-11-26T17:33:08.403Z"
  }
},
{
  "model": "community.comment",
  "pk": "ca969146-02f1-431d-b441-e243b5f5d5a2",
  "fields": {
    "post": "765c6c19-d606-48c9-8399-542c92d0ddda",
    "author": [
      "vfrancisco@ssct.edu.ph"
    ],
    "parent": null,
    "content": "ASAP",
    "like_count": 1,
    "is_edited": false,
    "created_at": "2025-12-10T04:54:53.036Z",
    "updated_at": "2025-12-10T04:55:21.626Z"
  }
},
{
  "model": "community.comment",
  "pk": "cf20fa50-9224-4588-9ecd-d22fd0db3c7f",
  "fields": {
    "post": "d0d36890-dc08-4c88-891a-fb910a3eb0e8",
    "author": [
      "fostanesmarkrenier@gmail.com"
    ],
    "parent": null,
    "content": "wow",
    "like_count": 1,
    "is_edited": false,
    "created_at": "2025-11-30T14:26:13.914Z",
    "updated_at": "2025-12-08T08:37:04.465Z"
  }
},
{
  "model": "community.comment",
  "pk": "d4f9581d-1ac0-46c6-9d90-c88475263ebd",
  "fields": {
    "post": "f40ddef4-afa8-463d-b68e-e70faa39aaaf",
    "author": [
      "fostanesmarkrenier@gmail.com"
    ],
    "parent": "5ba7fdb0-356b-4b27-952b-988b5e7dd130",
    "content": "adsfbgnh",
    "like_count": 1,
    "is_edited": false,
    "created_at": "2025-12-01T07:01:26.405Z",
    "updated_at": "2025-12-01T07:01:30.601Z"
  }
},
{
  "model": "community.postlike",
  "pk": "33dc52c8-eb75-4bfe-9685-9e2598928637",
  "fields": {
    "post": "d0d36890-dc08-4c88-891a-fb910a3eb0e8",
    "user": [
      "fostanesmarkrenier@gmail.com"
    ],
    "created_at": "2025-11-30T13:54:49.523Z"
  }
},
{
  "model": "community.postlike",
  "pk": "39d7ea74-a150-4dab-b715-8b58d3f6f2eb",
  "fields": {
    "post": "14f93eb7-d507-4d0d-b2b7-b7c6c9f6a4f8",
    "user": [
      "mfostanes@ssct.edu.ph"
    ],
    "created_at": "2025-11-30T13:03:43.635Z"
  }
},
{
  "model": "community.postlike",
  "pk": "3a2f7517-dc15-40fe-b2f4-4801450f83a7",
  "fields": {
    "post": "f40ddef4-afa8-463d-b68e-e70faa39aaaf",
    "user": [
      "fostanesmarkrenier@gmail.com"
    ],
    "created_at": "2025-12-01T07:01:17.836Z"
  }
},
{
  "model": "community.postlike",
  "pk": "3cdec313-80b9-47b7-8ccf-b9463283ff09",
  "fields": {
    "post": "765c6c19-d606-48c9-8399-542c92d0ddda",
    "user": [
      "vfrancisco@ssct.edu.ph"
    ],
    "created_at": "2025-12-10T04:54:47.636Z"
  }
},
{
  "model": "community.postlike",
  "pk": "5743cfc2-e933-478a-81d5-d1595a1a2a62",
  "fields": {
    "post": "44c477b2-0023-4e23-99e3-5769a57e2b07",
    "user": [
      "fostanesmarkrenier@gmail.com"
    ],
    "created_at": "2025-11-30T14:23:14.680Z"
  }
},
{
  "model": "community.postlike",
  "pk": "7df2db5c-a034-4ae7-bc18-dc8925510e5c",
  "fields": {
    "post": "92cbd060-d493-47ac-8274-9ba4f1f490fe",
    "user": [
      "fostanesmarkrenier@gmail.com"
    ],
    "created_at": "2025-11-26T17:01:15.131Z"
  }
},
{
  "model": "community.postlike",
  "pk": "7fef0f3c-4054-47e2-b76e-d8f666f3c782",
  "fields": {
    "post": "d0d36890-dc08-4c88-891a-fb910a3eb0e8",
    "user": [
      "mfostanes@ssct.edu.ph"
    ],
    "created_at": "2025-11-30T13:53:27.222Z"
  }
},
{
  "model": "community.postlike",
  "pk": "c3680c56-69fc-4b1c-aeea-e5ecd7bbfc36",
  "fields": {
    "post": "92cbd060-d493-47ac-8274-9ba4f1f490fe",
    "user": [
      "mfostanes@ssct.edu.ph"
    ],
    "created_at": "2025-11-30T13:36:46.656Z"
  }
},
{
  "model": "community.postlike",
  "pk": "cdcdedc5-1264-4405-8941-cb69ca7eba6d",
  "fields": {
    "post": "9598d0aa-0d3c-47a9-b928-23afe22c35a5",
    "user": [
      "fostanesmarkrenier@gmail.com"
    ],
    "created_at": "2025-11-26T17:06:48.411Z"
  }
},
{
  "model": "community.commentlike",
  "pk": "1f84431d-a8e9-4e21-be27-5e3f194c380e",
  "fields": {
    "comment": "d4f9581d-1ac0-46c6-9d90-c88475263ebd",
    "user": [
      "fostanesmarkrenier@gmail.com"
    ],
    "created_at": "2025-12-01T07:01:30.594Z"
  }
},
{
  "model": "community.commentlike",
  "pk": "298cf602-b384-4f73-b2b2-c18b8032d339",
  "fields": {
    "comment": "cf20fa50-9224-4588-9ecd-d22fd0db3c7f",
    "user": [
      "fostanesmarkrenier@gmail.com"
    ],
    "created_at": "2025-12-08T08:37:04.447Z"
  }
},
{
  "model": "community.commentlike",
  "pk": "2c3f3f71-051d-4c13-a6e5-adbb52ae6ce8",
  "fields": {
    "comment": "8071385f-0174-47a8-85eb-391e9656e08e",
    "user": [
      "fostanesmarkrenier@gmail.com"
    ],
    "created_at": "2025-11-30T14:33:40.155Z"
  }
},
{
  "model": "community.commentlike",
  "pk": "3bdc2bc0-7fc3-49e5-a714-7d79adb3f00d",
  "fields": {
    "comment": "5edef79e-4a04-4df9-8e2d-c2740c7e7b18",
    "user": [
      "fostanesmarkrenier@gmail.com"
    ],
    "created_at": "2025-11-26T17:11:56.090Z"
  }
},
{
  "model": "community.commentlike",
  "pk": "b5575cd5-470b-4718-8fad-079ad8425d56",
  "fields": {
    "comment": "ca969146-02f1-431d-b441-e243b5f5d5a2",
    "user": [
      "vfrancisco@ssct.edu.ph"
    ],
    "created_at": "2025-12-10T04:55:21.614Z"
  }
},
{
  "model": "community.commentlike",
  "pk": "f35af689-b33b-4544-ab5d-c2b716424d1e",
  "fields": {
    "comment": "5ba7fdb0-356b-4b27-952b-988b5e7dd130",
    "user": [
      "fostanesmarkrenier@gmail.com"
    ],
    "created_at": "2025-12-01T07:01:22.766Z"
  }
},
{
  "model": "community.notification",
  "pk": "0fab2578-4f17-40e9-883d-0a0e3e8aeccc",
  "fields": {
    "recipient": [
      "mfostanes@ssct.edu.ph"
    ],
    "sender": [
      "fostanesmarkrenier@gmail.com"
    ],
    "notification_type": "follow",
    "title": "Follow request accepted",
    "message": "admin accepted your follow request",
    "is_read": false,
    "related_object_id": null,
    "related_content_type": null,
    "metadata": {},
    "created_at": "2025-11-30T12:14:48.098Z"
  }
},
{
  "model": "community.notification",
  "pk": "105e2b66-8919-4bd3-8c26-b0460fa87ded",
  "fields": {
    "recipient": [
      "mfostanes@ssct.edu.ph"
    ],
    "sender": [
      "fostanesmarkrenier@gmail.com"
    ],
    "notification_type": "follow",
    "title": "Follow request accepted",
    "message": "admin accepted your follow request",
    "is_read": false,
    "related_object_id": null,
    "related_content_type": null,
    "metadata": {},
    "created_at": "2025-12-08T11:05:15.344Z"
  }
},
{
  "model": "community.notification",
  "pk": "105e6459-40d2-46ac-aac9-a2e891d7388c",
  "fields": {
    "recipient": [
      "fostanesmarkrenier@gmail.com"
    ],
    "sender": [
      "mfostanes@ssct.edu.ph"
    ],
    "notification_type": "follow",
    "title": "Follow request accepted",
    "message": "Renier1 accepted your follow request",
    "is_read": false,
    "related_object_id": null,
    "related_content_type": null,
    "metadata": {},
    "created_at": "2025-12-03T06:18:23.049Z"
  }
},
{
  "model": "community.notification",
  "pk": "1994220c-9c91-4624-8f2e-fe1187007e63",
  "fields": {
    "recipient": [
      "fostanesmarkrenier@gmail.com"
    ],
    "sender": [
      "mfostanes@ssct.edu.ph"
    ],
    "notification_type": "follow",
    "title": "New follow request",
    "message": "Renier1 wants to follow you",
    "is_read": false,
    "related_object_id": null,
    "related_content_type": null,
    "metadata": {},
    "created_at": "2025-11-30T15:49:58.111Z"
  }
},
{
  "model": "community.notification",
  "pk": "1a107104-c152-4fd9-9b74-2e2bbb774c55",
  "fields": {
    "recipient": [
      "fostanesmarkrenier@gmail.com"
    ],
    "sender": [
      "mfostanes@ssct.edu.ph"
    ],
    "notification_type": "follow",
    "title": "Follow request accepted",
    "message": "Renier1 accepted your follow request",
    "is_read": false,
    "related_object_id": null,
    "related_content_type": null,
    "metadata": {},
    "created_at": "2025-12-01T07:03:08.359Z"
  }
},
{
  "model": "community.notification",
  "pk": "2168ab1c-c33f-49ab-a093-3a5930617e30",
  "fields": {
    "recipient": [
      "fostanesmarkrenier@gmail.com"
    ],
    "sender": null,
    "notification_type": "org_join_request",
    "title": "",
    "message": "Renier1 wants to join BSCS Students",
    "is_read": false,
    "related_object_id": null,
    "related_content_type": null,
    "metadata": {},
    "created_at": "2025-11-30T13:03:00.048Z"
  }
},
{
  "model": "community.notification",
  "pk": "3ae1950f-9120-48f1-8f97-fdaffde37e4a",
  "fields": {
    "recipient": [
      "fostanesmarkrenier@gmail.com"
    ],
    "sender": [
      "mfostanes@ssct.edu.ph"
    ],
    "notification_type": "follow",
    "title": "New follow request",
    "message": "Renier1 wants to follow you",
    "is_read": false,
    "related_object_id": null,
    "related_content_type": null,
    "metadata": {},
    "created_at": "2025-11-30T16:56:05.547Z"
  }
},
{
  "model": "community.notification",
  "pk": "3e43c32c-a30e-4c6b-9390-33d1205a50fe",
  "fields": {
    "recipient": [
      "mfostanes@ssct.edu.ph"
    ],
    "sender": [
      "fostanesmarkrenier@gmail.com"
    ],
    "notification_type": "like",
    "title": "New like on your post",
    "message": "admin liked your post",
    "is_read": false,
    "related_object_id": "d0d36890-dc08-4c88-891a-fb910a3eb0e8",
    "related_content_type": null,
    "metadata": {},
    "created_at": "2025-11-30T13:54:49.536Z"
  }
},
{
  "model": "community.notification",
  "pk": "4c96ff64-f2d3-4145-954b-8ca55f7e7ae6",
  "fields": {
    "recipient": [
      "mfostanes@ssct.edu.ph"
    ],
    "sender": [
      "fostanesmarkrenier@gmail.com"
    ],
    "notification_type": "comment",
    "title": "New comment on your post",
    "message": "admin commented on your post",
    "is_read": false,
    "related_object_id": "cf20fa50-9224-4588-9ecd-d22fd0db3c7f",
    "related_content_type": null,
    "metadata": {},
    "created_at": "2025-11-30T14:26:13.946Z"
  }
},
{
  "model": "community.notification",
  "pk": "513182fc-5696-43fe-a0bb-52c5d04ba784",
  "fields": {
    "recipient": [
      "mfostanes@ssct.edu.ph"
    ],
    "sender": [
      "fostanesmarkrenier@gmail.com"
    ],
    "notification_type": "follow",
    "title": "Follow request accepted",
    "message": "admin accepted your follow request",
    "is_read": false,
    "related_object_id": null,
    "related_content_type": null,
    "metadata": {},
    "created_at": "2025-11-30T19:21:09.608Z"
  }
},
{
  "model": "community.notification",
  "pk": "65a41e2a-b4b2-4f11-9832-b82d573a189c",
  "fields": {
    "recipient": [
      "fostanesmarkrenier@gmail.com"
    ],
    "sender": [
      "mfostanes@ssct.edu.ph"
    ],
    "notification_type": "follow",
    "title": "Follow request accepted",
    "message": "Renier1 accepted your follow request",
    "is_read": false,
    "related_object_id": null,
    "related_content_type": null,
    "metadata": {},
    "created_at": "2025-11-30T14:46:07.381Z"
  }
},
{
  "model": "community.notification",
  "pk": "7bf7ed27-e6c9-416e-a3d6-ef8670798b57",
  "fields": {
    "recipient": [
      "fostanesmarkrenier@gmail.com"
    ],
    "sender": null,
    "notification_type": "org_join_request",
    "title": "",
    "message": "Renier1 wants to join AI & ML Group",
    "is_read": false,
    "related_object_id": null,
    "related_content_type": null,
    "metadata": {},
    "created_at": "2025-11-30T13:02:17.609Z"
  }
},
{
  "model": "community.notification",
  "pk": "8c913f33-e05a-4a26-90e2-3a35b7864ef1",
  "fields": {
    "recipient": [
      "fostanesmarkrenier@gmail.com"
    ],
    "sender": null,
    "notification_type": "org_join_request",
    "title": "",
    "message": "Virn wants to join BSIT Students",
    "is_read": false,
    "related_object_id": null,
    "related_content_type": null,
    "metadata": {},
    "created_at": "2025-12-10T04:56:01.834Z"
  }
},
{
  "model": "community.notification",
  "pk": "9e9a238c-d277-4d7b-9df6-8b980384b47f",
  "fields": {
    "recipient": [
      "mfostanes@ssct.edu.ph"
    ],
    "sender": [
      "jbecera@ssct.edu.ph"
    ],
    "notification_type": "follow",
    "title": "New follow request",
    "message": "Law wants to follow you",
    "is_read": false,
    "related_object_id": null,
    "related_content_type": null,
    "metadata": {},
    "created_at": "2025-12-09T12:58:11.833Z"
  }
},
{
  "model": "community.notification",
  "pk": "a0f9bcd1-b7aa-4d85-827a-b27693389d48",
  "fields": {
    "recipient": [
      "jbecera@ssct.edu.ph"
    ],
    "sender": [
      "mfostanes@ssct.edu.ph"
    ],
    "notification_type": "follow",
    "title": "Follow request accepted",
    "message": "Renier1 accepted your follow request",
    "is_read": false,
    "related_object_id": null,
    "related_content_type": null,
    "metadata": {},
    "created_at": "2025-12-09T12:58:30.047Z"
  }
},
{
  "model": "community.notification",
  "pk": "a36f2ede-1ad1-4b83-9ddd-ea92e99c722e",
  "fields": {
    "recipient": [
      "fostanesmarkrenier@gmail.com"
    ],
    "sender": [
      "mfostanes@ssct.edu.ph"
    ],
    "notification_type": "follow",
    "title": "New follow request",
    "message": "Renier1 wants to follow you",
    "is_read": false,
    "related_object_id": null,
    "related_content_type": null,
    "metadata": {},
    "created_at": "2025-11-30T07:43:33.992Z"
  }
},
{
  "model": "community.notification",
  "pk": "a473d681-fa32-4b07-847e-4cdb612016c1",
  "fields": {
    "recipient": [
      "fostanesmarkrenier@gmail.com"
    ],
    "sender": [
      "mfostanes@ssct.edu.ph"
    ],
    "notification_type": "follow",
    "title": "New follower",
    "message": "Renier1 started following you",
    "is_read": false,
    "related_object_id": null,
    "related_content_type": null,
    "metadata": {},
    "created_at": "2025-11-30T07:26:11.810Z"
  }
},
{
  "model": "community.notification",
  "pk": "a7591e47-82d0-4b8d-a09c-1e320f59f927",
  "fields": {
    "recipient": [
      "fostanesmarkrenier@gmail.com"
    ],
    "sender": [
      "mfostanes@ssct.edu.ph"
    ],
    "notification_type": "follow",
    "title": "New follow request",
    "message": "Renier1 wants to follow you",
    "is_read": false,
    "related_object_id": null,
    "related_content_type": null,
    "metadata": {},
    "created_at": "2025-11-30T13:32:13.538Z"
  }
},
{
  "model": "community.notification",
  "pk": "a8fedaee-ac4e-4937-99be-ea885a3761ae",
  "fields": {
    "recipient": [
      "mfostanes@ssct.edu.ph"
    ],
    "sender": null,
    "notification_type": "org_approved",
    "title": "",
    "message": "Your request to join BSCS Students was approved",
    "is_read": false,
    "related_object_id": null,
    "related_content_type": null,
    "metadata": {},
    "created_at": "2025-11-30T13:27:53.129Z"
  }
},
{
  "model": "community.notification",
  "pk": "b209ddef-9537-4e03-9ba2-4247a0fb6c53",
  "fields": {
    "recipient": [
      "fostanesmarkrenier@gmail.com"
    ],
    "sender": [
      "mfostanes@ssct.edu.ph"
    ],
    "notification_type": "follow",
    "title": "New follow request",
    "message": "Renier1 wants to follow you",
    "is_read": false,
    "related_object_id": null,
    "related_content_type": null,
    "metadata": {},
    "created_at": "2025-12-08T11:02:51.386Z"
  }
},
{
  "model": "community.notification",
  "pk": "b8558463-a7bd-4d43-a69d-313aa7b6bccc",
  "fields": {
    "recipient": [
      "mfostanes@ssct.edu.ph"
    ],
    "sender": [
      "fostanesmarkrenier@gmail.com"
    ],
    "notification_type": "follow",
    "title": "New follow request",
    "message": "admin wants to follow you",
    "is_read": false,
    "related_object_id": null,
    "related_content_type": null,
    "metadata": {},
    "created_at": "2025-11-30T14:12:33.737Z"
  }
},
{
  "model": "community.notification",
  "pk": "ba1aeb39-5ad8-443b-8fac-ea9502f93eaa",
  "fields": {
    "recipient": [
      "mfostanes@ssct.edu.ph"
    ],
    "sender": [
      "fostanesmarkrenier@gmail.com"
    ],
    "notification_type": "follow",
    "title": "New follow request",
    "message": "admin wants to follow you",
    "is_read": false,
    "related_object_id": null,
    "related_content_type": null,
    "metadata": {},
    "created_at": "2025-12-03T06:17:36.391Z"
  }
},
{
  "model": "community.notification",
  "pk": "bb138256-aa32-427c-b2e0-fbe7d696483c",
  "fields": {
    "recipient": [
      "fostanesmarkrenier@gmail.com"
    ],
    "sender": [
      "vfrancisco@ssct.edu.ph"
    ],
    "notification_type": "follow",
    "title": "New follow request",
    "message": "Virn wants to follow you",
    "is_read": false,
    "related_object_id": null,
    "related_content_type": null,
    "metadata": {},
    "created_at": "2025-12-10T04:58:28.069Z"
  }
},
{
  "model": "community.notification",
  "pk": "c382e93a-8d40-44d5-96f5-baad3e7ac2c9",
  "fields": {
    "recipient": [
      "vfrancisco@ssct.edu.ph"
    ],
    "sender": [
      "fostanesmarkrenier@gmail.com"
    ],
    "notification_type": "follow",
    "title": "Follow request accepted",
    "message": "admin accepted your follow request",
    "is_read": false,
    "related_object_id": null,
    "related_content_type": null,
    "metadata": {},
    "created_at": "2025-12-10T06:56:04.442Z"
  }
},
{
  "model": "community.notification",
  "pk": "c5c03259-e74c-410c-9384-5c0144b8de8d",
  "fields": {
    "recipient": [
      "fostanesmarkrenier@gmail.com"
    ],
    "sender": [
      "mfostanes@ssct.edu.ph"
    ],
    "notification_type": "follow",
    "title": "New follower",
    "message": "Renier1 started following you",
    "is_read": false,
    "related_object_id": null,
    "related_content_type": null,
    "metadata": {},
    "created_at": "2025-11-30T07:36:25.542Z"
  }
},
{
  "model": "community.notification",
  "pk": "cfbe8712-1387-4005-bcd8-80ff3d74bdc7",
  "fields": {
    "recipient": [
      "mfostanes@ssct.edu.ph"
    ],
    "sender": [
      "fostanesmarkrenier@gmail.com"
    ],
    "notification_type": "follow",
    "title": "Follow request accepted",
    "message": "admin accepted your follow request",
    "is_read": false,
    "related_object_id": null,
    "related_content_type": null,
    "metadata": {},
    "created_at": "2025-11-30T13:54:32.314Z"
  }
},
{
  "model": "community.notification",
  "pk": "d45b9a02-90b3-4849-b246-06ab8e4f59f1",
  "fields": {
    "recipient": [
      "mfostanes@ssct.edu.ph"
    ],
    "sender": [
      "fostanesmarkrenier@gmail.com"
    ],
    "notification_type": "follow",
    "title": "New follow request",
    "message": "admin wants to follow you",
    "is_read": false,
    "related_object_id": null,
    "related_content_type": null,
    "metadata": {},
    "created_at": "2025-12-01T07:02:19.396Z"
  }
},
{
  "model": "community.notification",
  "pk": "dfb74117-645a-43f0-b5b1-787bc62a7729",
  "fields": {
    "recipient": [
      "fostanesmarkrenier@gmail.com"
    ],
    "sender": [
      "mfostanes@ssct.edu.ph"
    ],
    "notification_type": "like",
    "title": "New like on your post",
    "message": "Renier1 liked your post",
    "is_read": false,
    "related_object_id": "92cbd060-d493-47ac-8274-9ba4f1f490fe",
    "related_content_type": null,
    "metadata": {},
    "created_at": "2025-11-30T13:36:46.692Z"
  }
},
{
  "model": "community.userfollow",
  "pk": "3ba72f69-abf3-4575-82f0-6408ba278d51",
  "fields": {
    "follower": [
      "fostanesmarkrenier@gmail.com"
    ],
    "following": [
      "mfostanes@ssct.edu.ph"
    ],
    "status": "accepted",
    "created_at": "2025-12-03T06:17:36.370Z",
    "updated_at": "2025-12-03T06:18:23.014Z"
  }
},
{
  "model": "community.userfollow",
  "pk": "714e2cf2-a6af-49ef-ba64-3fddeda5e4c6",
  "fields": {
    "follower": [
      "vfrancisco@ssct.edu.ph"
    ],
    "following": [
      "fostanesmarkrenier@gmail.com"
    ],
    "status": "accepted",
    "created_at": "2025-12-10T04:58:28.055Z",
    "updated_at": "2025-12-10T06:56:04.410Z"
  }
},
{
  "model": "community.userfollow",
  "pk": "b69bb812-19b3-4f16-8ff3-911bf2494118",
  "fields": {
    "follower": [
      "mfostanes@ssct.edu.ph"
    ],
    "following": [
      "fostanesmarkrenier@gmail.com"
    ],
    "status": "accepted",
    "created_at": "2025-12-08T11:02:51.372Z",
    "updated_at": "2025-12-08T11:05:15.329Z"
  }
},
{
  "model": "community.userfollow",
  "pk": "e24910f1-79b3-4f0b-9d01-33c2f4d9fa86",
  "fields": {
    "follower": [
      "jbecera@ssct.edu.ph"
    ],
    "following": [
      "mfostanes@ssct.edu.ph"
    ],
    "status": "accepted",
    "created_at": "2025-12-09T12:58:11.821Z",
    "updated_at": "2025-12-09T12:58:30.040Z"
  }
},
{
  "model": "community.chatroom",
  "pk": "33cd545c-13e5-494c-ba34-5be955c2299c",
  "fields": {
    "name": "Global Chat",
    "room_type": "GLOBAL",
    "description": "Chat for everyone",
    "icon": "🌍",
    "created_at": "2025-11-26T17:29:03.682Z"
  }
},
{
  "model": "community.chatroom",
  "pk": "62de1ff2-6ff1-4fd8-87a0-61d70b3b7576",
  "fields": {
    "name": "Computer Science",
    "room_type": "CS",
    "description": "Chat for CS students",
    "icon": "💻",
    "created_at": "2025-11-26T17:29:03.650Z"
  }
},
{
  "model": "community.chatroom",
  "pk": "f0d516a8-240a-41c9-a1be-49f6ae448a41",
  "fields": {
    "name": "Information Systems",
    "room_type": "IS",
    "description": "Chat for IS students",
    "icon": "📊",
    "created_at": "2025-11-26T17:29:03.679Z"
  }
},
{
  "model": "community.chatroom",
  "pk": "f4d74ad1-1698-4066-8331-9e80ef010123",
  "fields": {
    "name": "Information Technology",
    "room_type": "IT",
    "description": "Chat for IT students",
    "icon": "🖥️",
    "created_at": "2025-11-26T17:29:03.666Z"
  }
},
{
  "model": "community.chatnickname",
  "pk": "500eabba-fceb-42c9-a913-a3fc7eec1fec",
  "fields": {
    "user": [
      "fostanesmarkrenier@gmail.com"
    ],
    "nickname": "Fostanes",
    "updated_at": "2025-11-26T17:37:37.002Z"
  }
},
{
  "model": "community.chatnickname",
  "pk": "60be5435-3bca-4daf-ae50-0592e7b76830",
  "fields": {
    "user": [
      "gruperez@ssct.edu.ph"
    ],
    "nickname": "Rupz",
    "updated_at": "2025-12-10T03:41:26.787Z"
  }
},
{
  "model": "community.chatnickname",
  "pk": "ff424bff-f264-4c90-b305-561be1a225f8",
  "fields": {
    "user": [
      "vfrancisco@ssct.edu.ph"
    ],
    "nickname": "virn",
    "updated_at": "2025-12-10T04:56:37.196Z"
  }
},
{
  "model": "community.chatmessage",
  "pk": "011f1890-1926-46d5-aea2-7ebba7598541",
  "fields": {
    "room": "62de1ff2-6ff1-4fd8-87a0-61d70b3b7576",
    "sender": [
      "jbecera@ssct.edu.ph"
    ],
    "content": "i love you gian ross",
    "reply_to": null,
    "is_bumped": false,
    "bump_count": 0,
    "is_deleted": false,
    "deleted_for_everyone": false,
    "created_at": "2025-12-09T13:00:44.682Z",
    "updated_at": "2025-12-09T13:00:44.682Z"
  }
},
{
  "model": "community.chatmessage",
  "pk": "06297d08-ebd4-48fb-a3ce-6a9e31f3a42e",
  "fields": {
    "room": "62de1ff2-6ff1-4fd8-87a0-61d70b3b7576",
    "sender": [
      "mfostanes@ssct.edu.ph"
    ],
    "content": "hahaha",
    "reply_to": null,
    "is_bumped": false,
    "bump_count": 0,
    "is_deleted": false,
    "deleted_for_everyone": false,
    "created_at": "2025-12-13T07:04:35.372Z",
    "updated_at": "2025-12-13T07:04:35.372Z"
  }
},
{
  "model": "community.chatmessage",
  "pk": "30d2bb6c-da6f-4f0e-9d19-0550a4e56f9d",
  "fields": {
    "room": "33cd545c-13e5-494c-ba34-5be955c2299c",
    "sender": [
      "fostanesmarkrenier@gmail.com"
    ],
    "content": "HELLO WORLD",
    "reply_to": null,
    "is_bumped": true,
    "bump_count": 1,
    "is_deleted": false,
    "deleted_for_everyone": false,
    "created_at": "2025-11-26T17:37:44.158Z",
    "updated_at": "2025-11-26T17:38:44.140Z"
  }
},
{
  "model": "community.chatmessage",
  "pk": "36c16b2f-eb1f-47d8-beb3-86a3e1967a66",
  "fields": {
    "room": "62de1ff2-6ff1-4fd8-87a0-61d70b3b7576",
    "sender": [
      "fostanesmarkrenier@gmail.com"
    ],
    "content": "Hi",
    "reply_to": null,
    "is_bumped": true,
    "bump_count": 1,
    "is_deleted": false,
    "deleted_for_everyone": false,
    "created_at": "2025-11-30T14:25:59.942Z",
    "updated_at": "2025-12-08T09:40:02.749Z"
  }
},
{
  "model": "community.chatmessage",
  "pk": "4176dccd-8d23-4cd5-8611-6598f0e44627",
  "fields": {
    "room": "62de1ff2-6ff1-4fd8-87a0-61d70b3b7576",
    "sender": [
      "mfostanes@ssct.edu.ph"
    ],
    "content": "sup manigga",
    "reply_to": null,
    "is_bumped": false,
    "bump_count": 0,
    "is_deleted": false,
    "deleted_for_everyone": false,
    "created_at": "2025-12-09T12:59:34.522Z",
    "updated_at": "2025-12-09T12:59:34.522Z"
  }
},
{
  "model": "community.chatmessage",
  "pk": "418c729b-1ac5-42d2-830e-69f814dd2ad0",
  "fields": {
    "room": "62de1ff2-6ff1-4fd8-87a0-61d70b3b7576",
    "sender": [
      "mfostanes@ssct.edu.ph"
    ],
    "content": "This message was deleted",
    "reply_to": null,
    "is_bumped": false,
    "bump_count": 0,
    "is_deleted": false,
    "deleted_for_everyone": true,
    "created_at": "2025-12-13T06:49:40.117Z",
    "updated_at": "2025-12-13T06:58:54.248Z"
  }
},
{
  "model": "community.chatmessage",
  "pk": "4c9c1305-7335-4e21-af1d-3912d65e059e",
  "fields": {
    "room": "62de1ff2-6ff1-4fd8-87a0-61d70b3b7576",
    "sender": [
      "mfostanes@ssct.edu.ph"
    ],
    "content": "hey",
    "reply_to": null,
    "is_bumped": false,
    "bump_count": 0,
    "is_deleted": false,
    "deleted_for_everyone": false,
    "created_at": "2025-12-13T06:59:40.312Z",
    "updated_at": "2025-12-13T06:59:40.312Z"
  }
},
{
  "model": "community.chatmessage",
  "pk": "98258246-55d8-4960-aac1-953ae1799681",
  "fields": {
    "room": "62de1ff2-6ff1-4fd8-87a0-61d70b3b7576",
    "sender": [
      "mfostanes@ssct.edu.ph"
    ],
    "content": "nauno naman mo",
    "reply_to": null,
    "is_bumped": false,
    "bump_count": 0,
    "is_deleted": false,
    "deleted_for_everyone": false,
    "created_at": "2025-12-13T06:59:07.473Z",
    "updated_at": "2025-12-13T06:59:07.473Z"
  }
},
{
  "model": "community.chatmessage",
  "pk": "a5c34796-c9f9-4358-a7d7-2d3aca75c7c4",
  "fields": {
    "room": "33cd545c-13e5-494c-ba34-5be955c2299c",
    "sender": [
      "mfostanes@ssct.edu.ph"
    ],
    "content": "hi",
    "reply_to": null,
    "is_bumped": false,
    "bump_count": 0,
    "is_deleted": false,
    "deleted_for_everyone": false,
    "created_at": "2025-11-30T07:05:48.662Z",
    "updated_at": "2025-11-30T07:05:48.662Z"
  }
},
{
  "model": "community.chatmessage",
  "pk": "a824ee65-527a-4a94-bc06-0235cbaa8566",
  "fields": {
    "room": "62de1ff2-6ff1-4fd8-87a0-61d70b3b7576",
    "sender": [
      "fostanesmarkrenier@gmail.com"
    ],
    "content": "hackdog",
    "reply_to": null,
    "is_bumped": false,
    "bump_count": 0,
    "is_deleted": false,
    "deleted_for_everyone": false,
    "created_at": "2025-12-13T07:04:27.615Z",
    "updated_at": "2025-12-13T07:04:27.615Z"
  }
},
{
  "model": "community.chatmessage",
  "pk": "aea9f815-a1ed-47b2-aa50-0c6662099033",
  "fields": {
    "room": "62de1ff2-6ff1-4fd8-87a0-61d70b3b7576",
    "sender": [
      "jbecera@ssct.edu.ph"
    ],
    "content": "This message was deleted",
    "reply_to": null,
    "is_bumped": false,
    "bump_count": 0,
    "is_deleted": false,
    "deleted_for_everyone": true,
    "created_at": "2025-12-09T13:00:19.131Z",
    "updated_at": "2025-12-09T13:00:27.019Z"
  }
},
{
  "model": "community.chatmessage",
  "pk": "b7026389-a0d2-4dec-9a7a-0bbe02f712e7",
  "fields": {
    "room": "33cd545c-13e5-494c-ba34-5be955c2299c",
    "sender": [
      "mfostanes@ssct.edu.ph"
    ],
    "content": "ayo",
    "reply_to": null,
    "is_bumped": false,
    "bump_count": 0,
    "is_deleted": false,
    "deleted_for_everyone": false,
    "created_at": "2025-12-13T07:04:52.008Z",
    "updated_at": "2025-12-13T07:04:52.008Z"
  }
},
{
  "model": "community.chatmessage",
  "pk": "c4d0372b-af7d-4701-a2a8-e2469da005f1",
  "fields": {
    "room": "f4d74ad1-1698-4066-8331-9e80ef010123",
    "sender": [
      "vfrancisco@ssct.edu.ph"
    ],
    "content": "dafesgrdhffngdsa",
    "reply_to": null,
    "is_bumped": false,
    "bump_count": 0,
    "is_deleted": false,
    "deleted_for_everyone": false,
    "created_at": "2025-12-10T04:56:21.910Z",
    "updated_at": "2025-12-10T04:56:21.910Z"
  }
},
{
  "model": "community.chatmessage",
  "pk": "c80a0536-1fe2-4a25-8d96-ca137627aa3c",
  "fields": {
    "room": "62de1ff2-6ff1-4fd8-87a0-61d70b3b7576",
    "sender": [
      "fostanesmarkrenier@gmail.com"
    ],
    "content": "ha",
    "reply_to": null,
    "is_bumped": false,
    "bump_count": 0,
    "is_deleted": false,
    "deleted_for_everyone": false,
    "created_at": "2025-12-13T07:04:21.359Z",
    "updated_at": "2025-12-13T07:04:21.359Z"
  }
},
{
  "model": "community.chatmessage",
  "pk": "d26aedb1-2023-4d06-ab52-feee294d9af0",
  "fields": {
    "room": "62de1ff2-6ff1-4fd8-87a0-61d70b3b7576",
    "sender": [
      "fostanesmarkrenier@gmail.com"
    ],
    "content": "ayu",
    "reply_to": "36c16b2f-eb1f-47d8-beb3-86a3e1967a66",
    "is_bumped": false,
    "bump_count": 0,
    "is_deleted": false,
    "deleted_for_everyone": false,
    "created_at": "2025-12-08T09:39:59.292Z",
    "updated_at": "2025-12-08T09:39:59.292Z"
  }
},
{
  "model": "community.chatmessage",
  "pk": "d2c3e3d3-ae66-43b6-a019-4df56e53da27",
  "fields": {
    "room": "33cd545c-13e5-494c-ba34-5be955c2299c",
    "sender": [
      "fostanesmarkrenier@gmail.com"
    ],
    "content": "saba",
    "reply_to": null,
    "is_bumped": false,
    "bump_count": 0,
    "is_deleted": false,
    "deleted_for_everyone": false,
    "created_at": "2025-12-13T07:04:58.457Z",
    "updated_at": "2025-12-13T07:04:58.457Z"
  }
},
{
  "model": "community.chatmessage",
  "pk": "d595dd8d-9b84-4578-a0a7-42611afb56c5",
  "fields": {
    "room": "62de1ff2-6ff1-4fd8-87a0-61d70b3b7576",
    "sender": [
      "mfostanes@ssct.edu.ph"
    ],
    "content": "hey",
    "reply_to": null,
    "is_bumped": false,
    "bump_count": 0,
    "is_deleted": false,
    "deleted_for_everyone": false,
    "created_at": "2025-12-13T07:03:43.743Z",
    "updated_at": "2025-12-13T07:03:43.744Z"
  }
},
{
  "model": "community.chatmessage",
  "pk": "e05e16b3-42e8-46ed-b16f-0a63032cfe60",
  "fields": {
    "room": "62de1ff2-6ff1-4fd8-87a0-61d70b3b7576",
    "sender": [
      "gruperez@ssct.edu.ph"
    ],
    "content": "i love you too",
    "reply_to": "011f1890-1926-46d5-aea2-7ebba7598541",
    "is_bumped": false,
    "bump_count": 0,
    "is_deleted": false,
    "deleted_for_everyone": false,
    "created_at": "2025-12-09T13:03:23.707Z",
    "updated_at": "2025-12-09T13:03:23.707Z"
  }
},
{
  "model": "community.chatmessage",
  "pk": "e0dc8f59-f563-474d-b856-268a9ca0a8a0",
  "fields": {
    "room": "62de1ff2-6ff1-4fd8-87a0-61d70b3b7576",
    "sender": [
      "mfostanes@ssct.edu.ph"
    ],
    "content": "This message was deleted",
    "reply_to": null,
    "is_bumped": true,
    "bump_count": 2,
    "is_deleted": false,
    "deleted_for_everyone": true,
    "created_at": "2025-11-30T13:04:45.858Z",
    "updated_at": "2025-11-30T18:30:35.843Z"
  }
},
{
  "model": "community.messagereaction",
  "pk": "18b592f4-08f9-4b59-94a9-9d84e622fc95",
  "fields": {
    "message": "b7026389-a0d2-4dec-9a7a-0bbe02f712e7",
    "user": [
      "fostanesmarkrenier@gmail.com"
    ],
    "reaction": "😂",
    "created_at": "2025-12-13T07:05:09.531Z"
  }
},
{
  "model": "community.messagereaction",
  "pk": "21f82c8f-591a-4310-8daf-e88d09568d8d",
  "fields": {
    "message": "d26aedb1-2023-4d06-ab52-feee294d9af0",
    "user": [
      "fostanesmarkrenier@gmail.com"
    ],
    "reaction": "😂",
    "created_at": "2025-12-08T11:44:09.225Z"
  }
},
{
  "model": "community.messagereaction",
  "pk": "64c82c6b-3d16-46d4-bd6e-4932cc52d098",
  "fields": {
    "message": "30d2bb6c-da6f-4f0e-9d19-0550a4e56f9d",
    "user": [
      "vfrancisco@ssct.edu.ph"
    ],
    "reaction": "😂",
    "created_at": "2025-12-10T04:56:27.007Z"
  }
},
{
  "model": "community.messagereaction",
  "pk": "9a0812fc-0223-4c2a-80a1-77cc3bbec2ee",
  "fields": {
    "message": "011f1890-1926-46d5-aea2-7ebba7598541",
    "user": [
      "gruperez@ssct.edu.ph"
    ],
    "reaction": "❤️",
    "created_at": "2025-12-09T13:03:13.132Z"
  }
},
{
  "model": "community.messagereaction",
  "pk": "e7ceff7b-0f62-4bbd-a9bd-a9dfd681a68e",
  "fields": {
    "message": "30d2bb6c-da6f-4f0e-9d19-0550a4e56f9d",
    "user": [
      "mfostanes@ssct.edu.ph"
    ],
    "reaction": "❤️",
    "created_at": "2025-11-30T12:15:43.910Z"
  }
},
{
  "model": "community.organization",
  "pk": "443f38b5-b13e-4930-9f2b-21827b6cf165",
  "fields": {
    "name": "BSCS Students",
    "slug": "bscs",
    "description": "Official group for BS Computer Science students.",
    "cover_image": "",
    "icon": "💻",
    "org_type": "program",
    "program": "BSCS",
    "is_official": true,
    "is_private": false,
    "requires_approval": true,
    "created_by": [
      "fostanesmarkrenier@gmail.com"
    ],
    "member_count": 2,
    "post_count": 3,
    "created_at": "2025-11-30T12:56:58.739Z",
    "updated_at": "2025-12-03T06:15:28.150Z"
  }
},
{
  "model": "community.organization",
  "pk": "4f48851b-55e6-4031-a040-22bdfee6f563",
  "fields": {
    "name": "Web Development Club",
    "slug": "webdev",
    "description": "For web development enthusiasts.",
    "cover_image": "",
    "icon": "🌐",
    "org_type": "club",
    "program": null,
    "is_official": false,
    "is_private": false,
    "requires_approval": true,
    "created_by": [
      "fostanesmarkrenier@gmail.com"
    ],
    "member_count": 1,
    "post_count": 0,
    "created_at": "2025-11-30T12:56:58.885Z",
    "updated_at": "2025-11-30T13:14:07.521Z"
  }
},
{
  "model": "community.organization",
  "pk": "5412bd18-87fc-462e-b53b-2f33656d10bc",
  "fields": {
    "name": "AI & ML Group",
    "slug": "ai-ml",
    "description": "Explore AI and machine learning.",
    "cover_image": "",
    "icon": "🤖",
    "org_type": "interest",
    "program": null,
    "is_official": false,
    "is_private": false,
    "requires_approval": true,
    "created_by": [
      "fostanesmarkrenier@gmail.com"
    ],
    "member_count": 1,
    "post_count": 0,
    "created_at": "2025-11-30T12:56:58.921Z",
    "updated_at": "2025-11-30T13:14:07.510Z"
  }
},
{
  "model": "community.organization",
  "pk": "d1fce4d0-c5e4-4cd3-89c4-22ffbbaca5c5",
  "fields": {
    "name": "BSIS Students",
    "slug": "bsis",
    "description": "Official group for BS Information Systems students.",
    "cover_image": "",
    "icon": "📊",
    "org_type": "program",
    "program": "BSIS",
    "is_official": true,
    "is_private": false,
    "requires_approval": true,
    "created_by": [
      "fostanesmarkrenier@gmail.com"
    ],
    "member_count": 1,
    "post_count": 0,
    "created_at": "2025-11-30T12:56:58.812Z",
    "updated_at": "2025-11-30T13:14:07.474Z"
  }
},
{
  "model": "community.organization",
  "pk": "d20a76eb-78a3-4789-afb3-2b2b486419c6",
  "fields": {
    "name": "BSIT Students",
    "slug": "bsit",
    "description": "Official group for BS Information Technology students.",
    "cover_image": "",
    "icon": "🖥️",
    "org_type": "program",
    "program": "BSIT",
    "is_official": true,
    "is_private": false,
    "requires_approval": true,
    "created_by": [
      "fostanesmarkrenier@gmail.com"
    ],
    "member_count": 1,
    "post_count": 0,
    "created_at": "2025-11-30T12:56:58.780Z",
    "updated_at": "2025-11-30T13:14:07.490Z"
  }
},
{
  "model": "community.organization",
  "pk": "d30294d2-50dd-426e-92bf-bd864c33a5d5",
  "fields": {
    "name": "CCIS Community",
    "slug": "ccis",
    "description": "Main hub for all CCIS students.",
    "cover_image": "",
    "icon": "🎓",
    "org_type": "official",
    "program": "ALL",
    "is_official": true,
    "is_private": false,
    "requires_approval": true,
    "created_by": [
      "fostanesmarkrenier@gmail.com"
    ],
    "member_count": 1,
    "post_count": 0,
    "created_at": "2025-11-30T12:56:58.834Z",
    "updated_at": "2025-11-30T13:14:07.499Z"
  }
},
{
  "model": "community.organizationmembership",
  "pk": "0cbabff5-0a83-4df8-879f-6c35ced16095",
  "fields": {
    "organization": "5412bd18-87fc-462e-b53b-2f33656d10bc",
    "user": [
      "fostanesmarkrenier@gmail.com"
    ],
    "role": "owner",
    "status": "active",
    "invited_by": null,
    "joined_at": "2025-11-30T12:56:58.928Z",
    "updated_at": "2025-11-30T12:56:58.928Z"
  }
},
{
  "model": "community.organizationmembership",
  "pk": "1422be04-fd79-44d9-b8fa-11b3e0a7e47f",
  "fields": {
    "organization": "d1fce4d0-c5e4-4cd3-89c4-22ffbbaca5c5",
    "user": [
      "fostanesmarkrenier@gmail.com"
    ],
    "role": "owner",
    "status": "active",
    "invited_by": null,
    "joined_at": "2025-11-30T12:56:58.818Z",
    "updated_at": "2025-11-30T12:56:58.818Z"
  }
},
{
  "model": "community.organizationmembership",
  "pk": "289b90dd-bd19-4be6-aaaf-cf8d2cfa4536",
  "fields": {
    "organization": "d30294d2-50dd-426e-92bf-bd864c33a5d5",
    "user": [
      "fostanesmarkrenier@gmail.com"
    ],
    "role": "owner",
    "status": "active",
    "invited_by": null,
    "joined_at": "2025-11-30T12:56:58.850Z",
    "updated_at": "2025-11-30T12:56:58.850Z"
  }
},
{
  "model": "community.organizationmembership",
  "pk": "3a681002-1b74-43fc-b7ef-82850d56607e",
  "fields": {
    "organization": "4f48851b-55e6-4031-a040-22bdfee6f563",
    "user": [
      "fostanesmarkrenier@gmail.com"
    ],
    "role": "owner",
    "status": "active",
    "invited_by": null,
    "joined_at": "2025-11-30T12:56:58.897Z",
    "updated_at": "2025-11-30T12:56:58.897Z"
  }
},
{
  "model": "community.organizationmembership",
  "pk": "3f9f190a-a187-4eb5-8f14-7a15e9b740fb",
  "fields": {
    "organization": "5412bd18-87fc-462e-b53b-2f33656d10bc",
    "user": [
      "mfostanes@ssct.edu.ph"
    ],
    "role": "member",
    "status": "pending",
    "invited_by": null,
    "joined_at": "2025-11-30T13:02:17.594Z",
    "updated_at": "2025-11-30T13:02:17.594Z"
  }
},
{
  "model": "community.organizationmembership",
  "pk": "57254745-e048-49d4-a171-830e11a44ad6",
  "fields": {
    "organization": "443f38b5-b13e-4930-9f2b-21827b6cf165",
    "user": [
      "mfostanes@ssct.edu.ph"
    ],
    "role": "member",
    "status": "active",
    "invited_by": null,
    "joined_at": "2025-11-30T13:03:00.044Z",
    "updated_at": "2025-11-30T13:27:53.111Z"
  }
},
{
  "model": "community.organizationmembership",
  "pk": "5a0c335a-90b5-49d4-ad35-aecf3a2b5e46",
  "fields": {
    "organization": "443f38b5-b13e-4930-9f2b-21827b6cf165",
    "user": [
      "fostanesmarkrenier@gmail.com"
    ],
    "role": "owner",
    "status": "active",
    "invited_by": null,
    "joined_at": "2025-11-30T12:56:58.755Z",
    "updated_at": "2025-11-30T12:56:58.755Z"
  }
},
{
  "model": "community.organizationmembership",
  "pk": "9c3928d4-50ce-4a46-806e-9b7aaa4db40d",
  "fields": {
    "organization": "d20a76eb-78a3-4789-afb3-2b2b486419c6",
    "user": [
      "vfrancisco@ssct.edu.ph"
    ],
    "role": "member",
    "status": "pending",
    "invited_by": null,
    "joined_at": "2025-12-10T04:56:01.820Z",
    "updated_at": "2025-12-10T04:56:01.820Z"
  }
},
{
  "model": "community.organizationmembership",
  "pk": "9dbbe1cb-cdc3-44ea-8d9f-ead53e3f256d",
  "fields": {
    "organization": "d20a76eb-78a3-4789-afb3-2b2b486419c6",
    "user": [
      "fostanesmarkrenier@gmail.com"
    ],
    "role": "owner",
    "status": "active",
    "invited_by": null,
    "joined_at": "2025-11-30T12:56:58.789Z",
    "updated_at": "2025-11-30T12:56:58.789Z"
  }
},
{
  "model": "projects.team",
  "pk": "1c1b09e1-94d1-472f-94f6-3375ad2c5246",
  "fields": {
    "name": "CCISTeam",
    "slug": "ccisteam",
    "description": "eme",
    "leader": [
      "mfostanes@ssct.edu.ph"
    ],
    "avatar": "",
    "is_active": true,
    "created_at": "2025-11-30T18:13:10.481Z",
    "updated_at": "2025-11-30T18:13:10.481Z"
  }
},
{
  "model": "projects.team",
  "pk": "72447f9c-7506-4b64-a1e0-1148575c84ab",
  "fields": {
    "name": "CCIS Team",
    "slug": "ccis-team",
    "description": "Teambangan",
    "leader": [
      "vfrancisco@ssct.edu.ph"
    ],
    "avatar": "",
    "is_active": true,
    "created_at": "2025-12-10T04:48:42.614Z",
    "updated_at": "2025-12-10T04:48:42.614Z"
  }
},
{
  "model": "projects.team",
  "pk": "f5bbaf31-bd26-4e14-b2a7-650a3c3cf786",
  "fields": {
    "name": "Sentinels",
    "slug": "sentinels",
    "description": "BSCS Zenth",
    "leader": [
      "mfostanes@ssct.edu.ph"
    ],
    "avatar": "",
    "is_active": true,
    "created_at": "2025-11-30T18:49:39.045Z",
    "updated_at": "2025-11-30T18:49:39.045Z"
  }
},
{
  "model": "projects.teammembership",
  "pk": "37a71895-4e09-47af-a140-986d28e98f8e",
  "fields": {
    "team": "1c1b09e1-94d1-472f-94f6-3375ad2c5246",
    "user": [
      "fostanesmarkrenier@gmail.com"
    ],
    "role": "member",
    "status": "accepted",
    "invited_by": [
      "mfostanes@ssct.edu.ph"
    ],
    "message": "You've been invited to join CCISTeam",
    "invited_at": "2025-12-01T14:40:24.722Z",
    "responded_at": "2025-12-01T14:46:55.197Z"
  }
},
{
  "model": "projects.teammembership",
  "pk": "4de584f2-a0d8-4254-b9a6-b5282b214e22",
  "fields": {
    "team": "f5bbaf31-bd26-4e14-b2a7-650a3c3cf786",
    "user": [
      "jatuel1@ssct.edu.ph"
    ],
    "role": "member",
    "status": "pending",
    "invited_by": [
      "mfostanes@ssct.edu.ph"
    ],
    "message": "You've been invited to join Sentinels",
    "invited_at": "2025-11-30T18:49:39.111Z",
    "responded_at": null
  }
},
{
  "model": "projects.teammembership",
  "pk": "502978be-c433-45d9-bdcc-26cd7a0278ba",
  "fields": {
    "team": "f5bbaf31-bd26-4e14-b2a7-650a3c3cf786",
    "user": [
      "fostanesmarkrenier@gmail.com"
    ],
    "role": "member",
    "status": "accepted",
    "invited_by": [
      "mfostanes@ssct.edu.ph"
    ],
    "message": "You've been invited to join Sentinels",
    "invited_at": "2025-11-30T18:49:39.152Z",
    "responded_at": "2025-11-30T19:21:13.906Z"
  }
},
{
  "model": "projects.teammembership",
  "pk": "5a570a4a-89b9-4283-9510-b12bf683fcff",
  "fields": {
    "team": "f5bbaf31-bd26-4e14-b2a7-650a3c3cf786",
    "user": [
      "rfostanes@ssct.edu.ph"
    ],
    "role": "member",
    "status": "pending",
    "invited_by": [
      "mfostanes@ssct.edu.ph"
    ],
    "message": "You've been invited to join Sentinels",
    "invited_at": "2025-11-30T18:49:39.187Z",
    "responded_at": null
  }
},
{
  "model": "projects.teammembership",
  "pk": "5bc6264f-d92b-4369-8d1c-03f19299e165",
  "fields": {
    "team": "72447f9c-7506-4b64-a1e0-1148575c84ab",
    "user": [
      "mfostanes@ssct.edu.ph"
    ],
    "role": "member",
    "status": "accepted",
    "invited_by": [
      "vfrancisco@ssct.edu.ph"
    ],
    "message": "You've been invited to join CCIS Team",
    "invited_at": "2025-12-10T04:48:42.690Z",
    "responded_at": "2025-12-10T04:52:16.764Z"
  }
},
{
  "model": "projects.teammembership",
  "pk": "c1239769-c30b-4f42-9aad-c0c1edf6a413",
  "fields": {
    "team": "f5bbaf31-bd26-4e14-b2a7-650a3c3cf786",
    "user": [
      "jfostanes@ssct.edu.ph"
    ],
    "role": "member",
    "status": "pending",
    "invited_by": [
      "mfostanes@ssct.edu.ph"
    ],
    "message": "You've been invited to join Sentinels",
    "invited_at": "2025-11-30T18:49:39.222Z",
    "responded_at": null
  }
},
{
  "model": "projects.project",
  "pk": "bf82a9ae-7a10-473b-a08c-89c2b46bc2a6",
  "fields": {
    "name": "SImple project",
    "slug": "simple-project",
    "description": "wdefsgrdhfgmjhfngdbs",
    "team": "72447f9c-7506-4b64-a1e0-1148575c84ab",
    "is_snsu_ccis_project": false,
    "course_related": false,
    "course_code": null,
    "owner": [
      "vfrancisco@ssct.edu.ph"
    ],
    "project_type": "web_application",
    "programming_language": "javascript",
    "status": "planning",
    "visibility": "public",
    "github_repo": "https://github.com/mrfost07/MyPortfoliov2.git",
    "gitlab_repo": null,
    "start_date": null,
    "end_date": null,
    "deadline": null,
    "created_at": "2025-12-10T04:50:17.872Z",
    "updated_at": "2025-12-10T04:50:17.872Z"
  }
},
{
  "model": "projects.project",
  "pk": "c369e4f6-5d03-40c1-82f6-2cb0b7af4dd7",
  "fields": {
    "name": "School Enrollment Schedule Automation",
    "slug": "school-enrollment-schedule-automation",
    "description": "To dynamically automate the schedule of the students when enrolling",
    "team": "1c1b09e1-94d1-472f-94f6-3375ad2c5246",
    "is_snsu_ccis_project": false,
    "course_related": false,
    "course_code": null,
    "owner": [
      "mfostanes@ssct.edu.ph"
    ],
    "project_type": "web_application",
    "programming_language": "python",
    "status": "planning",
    "visibility": "public",
    "github_repo": "https://github.com/mrfost07/SNSU-Schedule-Automation.git",
    "gitlab_repo": null,
    "start_date": null,
    "end_date": null,
    "deadline": null,
    "created_at": "2025-12-01T14:45:31.370Z",
    "updated_at": "2025-12-08T10:42:02.055Z"
  }
},
{
  "model": "projects.project",
  "pk": "ff10b982-3cf8-4a74-af0d-90c85bfab368",
  "fields": {
    "name": "CCIS-Codehub",
    "slug": "ccis-codehub",
    "description": "The ultimate learning platform for SNSU CCIS students. Master programming, build projects, and get AI-powered mentoring.",
    "team": null,
    "is_snsu_ccis_project": false,
    "course_related": false,
    "course_code": null,
    "owner": [
      "mfostanes@ssct.edu.ph"
    ],
    "project_type": "web_application",
    "programming_language": "typescript",
    "status": "in_progress",
    "visibility": "public",
    "github_repo": "",
    "gitlab_repo": null,
    "start_date": null,
    "end_date": null,
    "deadline": null,
    "created_at": "2025-11-30T17:23:25.612Z",
    "updated_at": "2025-11-30T19:16:22.480Z"
  }
},
{
  "model": "projects.projectmembership",
  "pk": "2b99c5b0-4602-46ed-8aed-e176efe16b2f",
  "fields": {
    "project": "c369e4f6-5d03-40c1-82f6-2cb0b7af4dd7",
    "user": [
      "mfostanes@ssct.edu.ph"
    ],
    "role": "owner",
    "joined_at": "2025-12-01T14:45:31.384Z",
    "is_active": true
  }
},
{
  "model": "projects.projectmembership",
  "pk": "3430e9d5-5cac-4468-a8a0-16adf7f8b8bf",
  "fields": {
    "project": "ff10b982-3cf8-4a74-af0d-90c85bfab368",
    "user": [
      "mfostanes@ssct.edu.ph"
    ],
    "role": "owner",
    "joined_at": "2025-11-30T17:23:25.625Z",
    "is_active": true
  }
},
{
  "model": "projects.projectmembership",
  "pk": "9a7c4f68-c517-4a4c-a154-0abb2d769359",
  "fields": {
    "project": "bf82a9ae-7a10-473b-a08c-89c2b46bc2a6",
    "user": [
      "vfrancisco@ssct.edu.ph"
    ],
    "role": "owner",
    "joined_at": "2025-12-10T04:50:17.888Z",
    "is_active": true
  }
},
{
  "model": "projects.projecttask",
  "pk": "56d46745-7cf1-4b46-a888-e5ea4052808a",
  "fields": {
    "project": "ff10b982-3cf8-4a74-af0d-90c85bfab368",
    "title": "homepage",
    "description": "asdasd",
    "assigned_to": [
      "mfostanes@ssct.edu.ph"
    ],
    "status": "review",
    "priority": "low",
    "start_date": "2025-12-01",
    "due_date": "2026-01-06",
    "order": 0,
    "created_at": "2025-11-30T19:22:53.435Z",
    "updated_at": "2025-12-08T10:12:53.686Z",
    "completed_at": null,
    "created_by": [
      "mfostanes@ssct.edu.ph"
    ]
  }
},
{
  "model": "projects.projecttask",
  "pk": "6b57f138-11a9-44f1-9499-977c7d9178e8",
  "fields": {
    "project": "bf82a9ae-7a10-473b-a08c-89c2b46bc2a6",
    "title": "Homepage",
    "description": "dafsgdhkhlkgthdrgs",
    "assigned_to": [
      "mfostanes@ssct.edu.ph"
    ],
    "status": "todo",
    "priority": "medium",
    "start_date": "2025-12-10",
    "due_date": "2025-12-11",
    "order": 0,
    "created_at": "2025-12-10T04:53:20.671Z",
    "updated_at": "2025-12-10T04:53:46.508Z",
    "completed_at": null,
    "created_by": [
      "vfrancisco@ssct.edu.ph"
    ]
  }
},
{
  "model": "projects.projecttask",
  "pk": "dc10f350-acbf-4e35-bbe5-9c7ca23beeb4",
  "fields": {
    "project": "ff10b982-3cf8-4a74-af0d-90c85bfab368",
    "title": "navbar",
    "description": "asdasd",
    "assigned_to": [
      "mfostanes@ssct.edu.ph"
    ],
    "status": "todo",
    "priority": "low",
    "start_date": "2025-12-01",
    "due_date": "2026-01-06",
    "order": 0,
    "created_at": "2025-11-30T19:32:28.004Z",
    "updated_at": "2025-11-30T19:32:36.303Z",
    "completed_at": null,
    "created_by": [
      "mfostanes@ssct.edu.ph"
    ]
  }
},
{
  "model": "projects.projecttask",
  "pk": "f000d242-9f0f-4436-8ed0-6c8959829081",
  "fields": {
    "project": "c369e4f6-5d03-40c1-82f6-2cb0b7af4dd7",
    "title": "Himoe ug homepage",
    "description": "asdasdweadw",
    "assigned_to": [
      "fostanesmarkrenier@gmail.com"
    ],
    "status": "done",
    "priority": "high",
    "start_date": "2025-12-08",
    "due_date": "2026-01-10",
    "order": 0,
    "created_at": "2025-12-08T10:52:43.495Z",
    "updated_at": "2025-12-10T06:59:37.370Z",
    "completed_at": null,
    "created_by": [
      "mfostanes@ssct.edu.ph"
    ]
  }
},
{
  "model": "projects.projectactivity",
  "pk": "35bef00e-173c-4890-96dc-99a51daa8aa1",
  "fields": {
    "project": "c369e4f6-5d03-40c1-82f6-2cb0b7af4dd7",
    "user": [
      "mfostanes@ssct.edu.ph"
    ],
    "activity_type": "project_created",
    "description": "Project \"School Enrollment Schedule Automation\" was created",
    "metadata": {},
    "created_at": "2025-12-01T14:45:31.500Z"
  }
},
{
  "model": "projects.projectactivity",
  "pk": "5116f586-4af6-49fe-b73d-f1038cbdc547",
  "fields": {
    "project": "ff10b982-3cf8-4a74-af0d-90c85bfab368",
    "user": [
      "mfostanes@ssct.edu.ph"
    ],
    "activity_type": "task_created",
    "description": "Task \"navbar\" was created and assigned to Renier1",
    "metadata": {},
    "created_at": "2025-11-30T19:32:28.013Z"
  }
},
{
  "model": "projects.projectactivity",
  "pk": "61fed259-9fb4-42b7-862c-9d9acf95bcc4",
  "fields": {
    "project": "c369e4f6-5d03-40c1-82f6-2cb0b7af4dd7",
    "user": [
      "fostanesmarkrenier@gmail.com"
    ],
    "activity_type": "task_updated",
    "description": "Task \"Himoe ug homepage\" status changed to in_progress",
    "metadata": {},
    "created_at": "2025-12-08T15:50:29.516Z"
  }
},
{
  "model": "projects.projectactivity",
  "pk": "68ac2c7c-eebb-4581-999d-416208e85ac4",
  "fields": {
    "project": "c369e4f6-5d03-40c1-82f6-2cb0b7af4dd7",
    "user": [
      "mfostanes@ssct.edu.ph"
    ],
    "activity_type": "project_updated",
    "description": "Project details were updated",
    "metadata": {},
    "created_at": "2025-12-08T10:42:02.090Z"
  }
},
{
  "model": "projects.projectactivity",
  "pk": "7587b511-79f0-46d5-81d6-bec82e567b86",
  "fields": {
    "project": "c369e4f6-5d03-40c1-82f6-2cb0b7af4dd7",
    "user": [
      "fostanesmarkrenier@gmail.com"
    ],
    "activity_type": "task_updated",
    "description": "Task \"Himoe ug homepage\" status changed to in_progress",
    "metadata": {},
    "created_at": "2025-12-10T06:59:24.219Z"
  }
},
{
  "model": "projects.projectactivity",
  "pk": "7b8b83fa-cfea-4b15-814e-b5ee86a7c25b",
  "fields": {
    "project": "bf82a9ae-7a10-473b-a08c-89c2b46bc2a6",
    "user": [
      "vfrancisco@ssct.edu.ph"
    ],
    "activity_type": "task_created",
    "description": "Task \"Homepage\" was created and assigned to Renier1",
    "metadata": {},
    "created_at": "2025-12-10T04:53:20.680Z"
  }
},
{
  "model": "projects.projectactivity",
  "pk": "81586667-ded4-427e-8ab2-06b0e9da9e4b",
  "fields": {
    "project": "c369e4f6-5d03-40c1-82f6-2cb0b7af4dd7",
    "user": [
      "fostanesmarkrenier@gmail.com"
    ],
    "activity_type": "task_updated",
    "description": "Task \"Himoe ug homepage\" status changed to done",
    "metadata": {},
    "created_at": "2025-12-10T06:59:37.377Z"
  }
},
{
  "model": "projects.projectactivity",
  "pk": "911e4080-1fb5-4351-a0af-07507e281675",
  "fields": {
    "project": "c369e4f6-5d03-40c1-82f6-2cb0b7af4dd7",
    "user": [
      "fostanesmarkrenier@gmail.com"
    ],
    "activity_type": "task_updated",
    "description": "Task \"Himoe ug homepage\" status changed to review",
    "metadata": {},
    "created_at": "2025-12-10T06:59:33.248Z"
  }
},
{
  "model": "projects.projectactivity",
  "pk": "9bf68989-ed1a-4389-bc27-b73ac0075ed1",
  "fields": {
    "project": "ff10b982-3cf8-4a74-af0d-90c85bfab368",
    "user": [
      "mfostanes@ssct.edu.ph"
    ],
    "activity_type": "project_created",
    "description": "Project \"CCIS-Codehub\" was created",
    "metadata": {},
    "created_at": "2025-11-30T17:23:25.634Z"
  }
},
{
  "model": "projects.projectactivity",
  "pk": "a150d277-1be2-4b34-91e2-da03f98a9474",
  "fields": {
    "project": "ff10b982-3cf8-4a74-af0d-90c85bfab368",
    "user": [
      "mfostanes@ssct.edu.ph"
    ],
    "activity_type": "project_updated",
    "description": "Project details were updated",
    "metadata": {},
    "created_at": "2025-11-30T19:16:22.497Z"
  }
},
{
  "model": "projects.projectactivity",
  "pk": "a95589ac-d5df-4d62-8b80-d4e5c3d5fc83",
  "fields": {
    "project": "c369e4f6-5d03-40c1-82f6-2cb0b7af4dd7",
    "user": [
      "mfostanes@ssct.edu.ph"
    ],
    "activity_type": "task_created",
    "description": "Task \"Himoe ug homepage\" was created and assigned to admin",
    "metadata": {},
    "created_at": "2025-12-08T10:52:43.510Z"
  }
},
{
  "model": "projects.projectactivity",
  "pk": "b67cba16-ff9d-4cc8-8be2-771b3504596e",
  "fields": {
    "project": "bf82a9ae-7a10-473b-a08c-89c2b46bc2a6",
    "user": [
      "vfrancisco@ssct.edu.ph"
    ],
    "activity_type": "project_created",
    "description": "Project \"SImple project\" was created",
    "metadata": {},
    "created_at": "2025-12-10T04:50:17.902Z"
  }
},
{
  "model": "projects.projectactivity",
  "pk": "c0540b8b-d2a7-4523-ab78-0034acdaf634",
  "fields": {
    "project": "ff10b982-3cf8-4a74-af0d-90c85bfab368",
    "user": [
      "mfostanes@ssct.edu.ph"
    ],
    "activity_type": "task_created",
    "description": "Task \"homepage\" was created and assigned to Renier1",
    "metadata": {},
    "created_at": "2025-11-30T19:22:53.442Z"
  }
},
{
  "model": "projects.projectactivity",
  "pk": "c50b58eb-d7fa-46ee-8d5e-abcfdda0a299",
  "fields": {
    "project": "c369e4f6-5d03-40c1-82f6-2cb0b7af4dd7",
    "user": [
      "fostanesmarkrenier@gmail.com"
    ],
    "activity_type": "task_updated",
    "description": "Task \"Himoe ug homepage\" status changed to in_progress",
    "metadata": {},
    "created_at": "2025-12-10T06:59:13.414Z"
  }
},
{
  "model": "projects.projectactivity",
  "pk": "d61cebeb-f8f1-4a7b-ba82-a4ad4b6eede4",
  "fields": {
    "project": "c369e4f6-5d03-40c1-82f6-2cb0b7af4dd7",
    "user": [
      "fostanesmarkrenier@gmail.com"
    ],
    "activity_type": "task_updated",
    "description": "Task \"Himoe ug homepage\" status changed to review",
    "metadata": {},
    "created_at": "2025-12-10T06:59:17.758Z"
  }
},
{
  "model": "projects.projectactivity",
  "pk": "fa8ea6af-98d5-447a-9959-8bf928116fcc",
  "fields": {
    "project": "c369e4f6-5d03-40c1-82f6-2cb0b7af4dd7",
    "user": [
      "fostanesmarkrenier@gmail.com"
    ],
    "activity_type": "task_updated",
    "description": "Task \"Himoe ug homepage\" status changed to todo",
    "metadata": {},
    "created_at": "2025-12-08T15:50:31.289Z"
  }
},
{
  "model": "projects.taskcomment",
  "pk": "098a4dc5-a4ef-4117-bc6a-9d2a00d04546",
  "fields": {
    "task": "56d46745-7cf1-4b46-a888-e5ea4052808a",
    "author": [
      "fostanesmarkrenier@gmail.com"
    ],
    "content": "YAWA",
    "created_at": "2025-12-01T07:06:31.887Z",
    "updated_at": "2025-12-01T07:06:31.887Z"
  }
},
{
  "model": "projects.projectnotification",
  "pk": "09f64cd1-c820-4eb4-8e31-8235be9e4679",
  "fields": {
    "recipient": [
      "jatuel1@ssct.edu.ph"
    ],
    "sender": [
      "mfostanes@ssct.edu.ph"
    ],
    "notification_type": "team_invite",
    "title": "Team Invitation: Sentinels",
    "message": "Renier1 invited you to join Sentinels",
    "team": "f5bbaf31-bd26-4e14-b2a7-650a3c3cf786",
    "project": null,
    "task": null,
    "is_read": false,
    "created_at": "2025-11-30T18:49:39.118Z"
  }
},
{
  "model": "projects.projectnotification",
  "pk": "19bfea21-6bb7-4027-bd2f-35805a84d64a",
  "fields": {
    "recipient": [
      "mfostanes@ssct.edu.ph"
    ],
    "sender": [
      "vfrancisco@ssct.edu.ph"
    ],
    "notification_type": "task_status_changed",
    "title": "Task Update: Homepage",
    "message": "Task \"Homepage\" moved to review",
    "team": null,
    "project": "bf82a9ae-7a10-473b-a08c-89c2b46bc2a6",
    "task": "6b57f138-11a9-44f1-9499-977c7d9178e8",
    "is_read": false,
    "created_at": "2025-12-10T04:53:40.658Z"
  }
},
{
  "model": "projects.projectnotification",
  "pk": "21a9ed81-46c6-418c-998f-3454074db7a8",
  "fields": {
    "recipient": [
      "mfostanes@ssct.edu.ph"
    ],
    "sender": [
      "fostanesmarkrenier@gmail.com"
    ],
    "notification_type": "task_status_changed",
    "title": "Task Update: Himoe ug homepage",
    "message": "admin moved \"Himoe ug homepage\" to review",
    "team": null,
    "project": "c369e4f6-5d03-40c1-82f6-2cb0b7af4dd7",
    "task": "f000d242-9f0f-4436-8ed0-6c8959829081",
    "is_read": false,
    "created_at": "2025-12-10T06:59:17.767Z"
  }
},
{
  "model": "projects.projectnotification",
  "pk": "37adf391-272b-4ce8-b684-cc05d65d27c3",
  "fields": {
    "recipient": [
      "mfostanes@ssct.edu.ph"
    ],
    "sender": [
      "fostanesmarkrenier@gmail.com"
    ],
    "notification_type": "task_status_changed",
    "title": "Task Update: Himoe ug homepage",
    "message": "admin moved \"Himoe ug homepage\" to review",
    "team": null,
    "project": "c369e4f6-5d03-40c1-82f6-2cb0b7af4dd7",
    "task": "f000d242-9f0f-4436-8ed0-6c8959829081",
    "is_read": false,
    "created_at": "2025-12-10T06:59:33.256Z"
  }
},
{
  "model": "projects.projectnotification",
  "pk": "3ab04426-5285-466f-bcec-655e7e314a9f",
  "fields": {
    "recipient": [
      "mfostanes@ssct.edu.ph"
    ],
    "sender": [
      "fostanesmarkrenier@gmail.com"
    ],
    "notification_type": "task_status_changed",
    "title": "Task Update: Himoe ug homepage",
    "message": "admin moved \"Himoe ug homepage\" to in_progress",
    "team": null,
    "project": "c369e4f6-5d03-40c1-82f6-2cb0b7af4dd7",
    "task": "f000d242-9f0f-4436-8ed0-6c8959829081",
    "is_read": false,
    "created_at": "2025-12-10T06:59:24.228Z"
  }
},
{
  "model": "projects.projectnotification",
  "pk": "3e59a8c4-126d-4554-a7bd-8d239be6463a",
  "fields": {
    "recipient": [
      "mfostanes@ssct.edu.ph"
    ],
    "sender": [
      "fostanesmarkrenier@gmail.com"
    ],
    "notification_type": "team_invite_accepted",
    "title": "admin joined your team",
    "message": "admin accepted the invitation to join CCISTeam",
    "team": "1c1b09e1-94d1-472f-94f6-3375ad2c5246",
    "project": null,
    "task": null,
    "is_read": true,
    "created_at": "2025-12-01T14:46:55.218Z"
  }
},
{
  "model": "projects.projectnotification",
  "pk": "4dce23ab-d757-45c6-bb24-7be0e3983b1a",
  "fields": {
    "recipient": [
      "mfostanes@ssct.edu.ph"
    ],
    "sender": [
      "vfrancisco@ssct.edu.ph"
    ],
    "notification_type": "task_status_changed",
    "title": "Task Update: Homepage",
    "message": "Task \"Homepage\" moved to in_progress",
    "team": null,
    "project": "bf82a9ae-7a10-473b-a08c-89c2b46bc2a6",
    "task": "6b57f138-11a9-44f1-9499-977c7d9178e8",
    "is_read": false,
    "created_at": "2025-12-10T04:53:37.104Z"
  }
},
{
  "model": "projects.projectnotification",
  "pk": "525b25b2-fbbc-4a11-b98d-70f6f04b1554",
  "fields": {
    "recipient": [
      "jfostanes@ssct.edu.ph"
    ],
    "sender": [
      "mfostanes@ssct.edu.ph"
    ],
    "notification_type": "team_invite",
    "title": "Team Invitation: Sentinels",
    "message": "Renier1 invited you to join Sentinels",
    "team": "f5bbaf31-bd26-4e14-b2a7-650a3c3cf786",
    "project": null,
    "task": null,
    "is_read": false,
    "created_at": "2025-11-30T18:49:39.228Z"
  }
},
{
  "model": "projects.projectnotification",
  "pk": "5d28e082-c190-4b03-acee-7704196b182f",
  "fields": {
    "recipient": [
      "rfostanes@ssct.edu.ph"
    ],
    "sender": [
      "mfostanes@ssct.edu.ph"
    ],
    "notification_type": "team_invite",
    "title": "Team Invitation: Sentinels",
    "message": "Renier1 invited you to join Sentinels",
    "team": "f5bbaf31-bd26-4e14-b2a7-650a3c3cf786",
    "project": null,
    "task": null,
    "is_read": false,
    "created_at": "2025-11-30T18:49:39.193Z"
  }
},
{
  "model": "projects.projectnotification",
  "pk": "60fb6c6e-6916-4593-bca4-f929592290be",
  "fields": {
    "recipient": [
      "mfostanes@ssct.edu.ph"
    ],
    "sender": [
      "vfrancisco@ssct.edu.ph"
    ],
    "notification_type": "task_assigned",
    "title": "New Task Assigned: Homepage",
    "message": "You have been assigned a new task in SImple project",
    "team": null,
    "project": "bf82a9ae-7a10-473b-a08c-89c2b46bc2a6",
    "task": "6b57f138-11a9-44f1-9499-977c7d9178e8",
    "is_read": false,
    "created_at": "2025-12-10T04:53:20.689Z"
  }
},
{
  "model": "projects.projectnotification",
  "pk": "63b5c1ec-2d5a-4dd1-a44f-b4d80a586cb5",
  "fields": {
    "recipient": [
      "fostanesmarkrenier@gmail.com"
    ],
    "sender": [
      "mfostanes@ssct.edu.ph"
    ],
    "notification_type": "team_invite",
    "title": "Team Invitation: Sentinels",
    "message": "Renier1 invited you to join Sentinels",
    "team": "f5bbaf31-bd26-4e14-b2a7-650a3c3cf786",
    "project": null,
    "task": null,
    "is_read": true,
    "created_at": "2025-11-30T18:49:39.160Z"
  }
},
{
  "model": "projects.projectnotification",
  "pk": "6820b8c5-df67-4faf-a5dd-8851d1ca7f5e",
  "fields": {
    "recipient": [
      "mfostanes@ssct.edu.ph"
    ],
    "sender": [
      "vfrancisco@ssct.edu.ph"
    ],
    "notification_type": "task_status_changed",
    "title": "Task Update: Homepage",
    "message": "Task \"Homepage\" moved to in_progress",
    "team": null,
    "project": "bf82a9ae-7a10-473b-a08c-89c2b46bc2a6",
    "task": "6b57f138-11a9-44f1-9499-977c7d9178e8",
    "is_read": false,
    "created_at": "2025-12-10T04:53:34.477Z"
  }
},
{
  "model": "projects.projectnotification",
  "pk": "6bfcd03b-9c64-4e14-b9ee-64ca1d9f65ab",
  "fields": {
    "recipient": [
      "mfostanes@ssct.edu.ph"
    ],
    "sender": [
      "fostanesmarkrenier@gmail.com"
    ],
    "notification_type": "task_status_changed",
    "title": "Task Update: Himoe ug homepage",
    "message": "admin moved \"Himoe ug homepage\" to done",
    "team": null,
    "project": "c369e4f6-5d03-40c1-82f6-2cb0b7af4dd7",
    "task": "f000d242-9f0f-4436-8ed0-6c8959829081",
    "is_read": false,
    "created_at": "2025-12-10T06:59:37.388Z"
  }
},
{
  "model": "projects.projectnotification",
  "pk": "7d83095d-034e-403f-9b80-515621f297f7",
  "fields": {
    "recipient": [
      "fostanesmarkrenier@gmail.com"
    ],
    "sender": [
      "mfostanes@ssct.edu.ph"
    ],
    "notification_type": "task_assigned",
    "title": "New Task Assigned: Himoe ug homepage",
    "message": "You have been assigned a new task in School Enrollment Schedule Automation",
    "team": null,
    "project": "c369e4f6-5d03-40c1-82f6-2cb0b7af4dd7",
    "task": "f000d242-9f0f-4436-8ed0-6c8959829081",
    "is_read": true,
    "created_at": "2025-12-08T10:52:43.520Z"
  }
},
{
  "model": "projects.projectnotification",
  "pk": "7fe3234e-8bc4-4171-8380-141a4e6f8144",
  "fields": {
    "recipient": [
      "fostanesmarkrenier@gmail.com"
    ],
    "sender": [
      "mfostanes@ssct.edu.ph"
    ],
    "notification_type": "team_invite",
    "title": "Team Invitation: CCISTeam",
    "message": "Renier1 invited you to join CCISTeam",
    "team": "1c1b09e1-94d1-472f-94f6-3375ad2c5246",
    "project": null,
    "task": null,
    "is_read": true,
    "created_at": "2025-12-01T14:40:24.752Z"
  }
},
{
  "model": "projects.projectnotification",
  "pk": "852e7baf-5153-490c-9e3a-d362b0ad345d",
  "fields": {
    "recipient": [
      "mfostanes@ssct.edu.ph"
    ],
    "sender": [
      "vfrancisco@ssct.edu.ph"
    ],
    "notification_type": "task_status_changed",
    "title": "Task Update: Homepage",
    "message": "Task \"Homepage\" moved to in_progress",
    "team": null,
    "project": "bf82a9ae-7a10-473b-a08c-89c2b46bc2a6",
    "task": "6b57f138-11a9-44f1-9499-977c7d9178e8",
    "is_read": false,
    "created_at": "2025-12-10T04:53:45.481Z"
  }
},
{
  "model": "projects.projectnotification",
  "pk": "93bd86f2-e29c-4e37-90a0-4d8611e28606",
  "fields": {
    "recipient": [
      "mfostanes@ssct.edu.ph"
    ],
    "sender": [
      "fostanesmarkrenier@gmail.com"
    ],
    "notification_type": "task_status_changed",
    "title": "Task Update: Himoe ug homepage",
    "message": "admin moved \"Himoe ug homepage\" to in_progress",
    "team": null,
    "project": "c369e4f6-5d03-40c1-82f6-2cb0b7af4dd7",
    "task": "f000d242-9f0f-4436-8ed0-6c8959829081",
    "is_read": false,
    "created_at": "2025-12-08T15:50:29.526Z"
  }
},
{
  "model": "projects.projectnotification",
  "pk": "ab099856-5904-4afc-9dec-2c24f3a79187",
  "fields": {
    "recipient": [
      "mfostanes@ssct.edu.ph"
    ],
    "sender": [
      "vfrancisco@ssct.edu.ph"
    ],
    "notification_type": "task_status_changed",
    "title": "Task Update: Homepage",
    "message": "Task \"Homepage\" moved to done",
    "team": null,
    "project": "bf82a9ae-7a10-473b-a08c-89c2b46bc2a6",
    "task": "6b57f138-11a9-44f1-9499-977c7d9178e8",
    "is_read": false,
    "created_at": "2025-12-10T04:53:41.657Z"
  }
},
{
  "model": "projects.projectnotification",
  "pk": "bafee608-1e61-4884-9c80-684980f462f0",
  "fields": {
    "recipient": [
      "mfostanes@ssct.edu.ph"
    ],
    "sender": [
      "vfrancisco@ssct.edu.ph"
    ],
    "notification_type": "team_invite",
    "title": "Team Invitation: CCIS Team",
    "message": "Virn invited you to join CCIS Team",
    "team": "72447f9c-7506-4b64-a1e0-1148575c84ab",
    "project": null,
    "task": null,
    "is_read": false,
    "created_at": "2025-12-10T04:48:42.702Z"
  }
},
{
  "model": "projects.projectnotification",
  "pk": "c116c4db-3370-4bb0-8192-800ed35b5d2c",
  "fields": {
    "recipient": [
      "vfrancisco@ssct.edu.ph"
    ],
    "sender": [
      "mfostanes@ssct.edu.ph"
    ],
    "notification_type": "team_invite_accepted",
    "title": "Renier1 joined your team",
    "message": "Renier1 accepted the invitation to join CCIS Team",
    "team": "72447f9c-7506-4b64-a1e0-1148575c84ab",
    "project": null,
    "task": null,
    "is_read": false,
    "created_at": "2025-12-10T04:52:16.779Z"
  }
},
{
  "model": "projects.projectnotification",
  "pk": "c474e840-ed6f-4314-abb2-a2e7614325fd",
  "fields": {
    "recipient": [
      "mfostanes@ssct.edu.ph"
    ],
    "sender": [
      "fostanesmarkrenier@gmail.com"
    ],
    "notification_type": "task_status_changed",
    "title": "Task Update: Himoe ug homepage",
    "message": "admin moved \"Himoe ug homepage\" to in_progress",
    "team": null,
    "project": "c369e4f6-5d03-40c1-82f6-2cb0b7af4dd7",
    "task": "f000d242-9f0f-4436-8ed0-6c8959829081",
    "is_read": false,
    "created_at": "2025-12-10T06:59:13.426Z"
  }
},
{
  "model": "projects.projectnotification",
  "pk": "c8bdcd9d-bca2-4ab0-a599-7a498878c15d",
  "fields": {
    "recipient": [
      "mfostanes@ssct.edu.ph"
    ],
    "sender": [
      "mfostanes@ssct.edu.ph"
    ],
    "notification_type": "task_assigned",
    "title": "New Task Assigned: homepage",
    "message": "You have been assigned a new task in CCIS-Codehub",
    "team": null,
    "project": "ff10b982-3cf8-4a74-af0d-90c85bfab368",
    "task": "56d46745-7cf1-4b46-a888-e5ea4052808a",
    "is_read": true,
    "created_at": "2025-11-30T19:22:53.450Z"
  }
},
{
  "model": "projects.projectnotification",
  "pk": "ca0945bc-38f0-446e-83dd-d72e26337c25",
  "fields": {
    "recipient": [
      "mfostanes@ssct.edu.ph"
    ],
    "sender": [
      "vfrancisco@ssct.edu.ph"
    ],
    "notification_type": "task_status_changed",
    "title": "Task Update: Homepage",
    "message": "Task \"Homepage\" moved to todo",
    "team": null,
    "project": "bf82a9ae-7a10-473b-a08c-89c2b46bc2a6",
    "task": "6b57f138-11a9-44f1-9499-977c7d9178e8",
    "is_read": false,
    "created_at": "2025-12-10T04:53:46.526Z"
  }
},
{
  "model": "projects.projectnotification",
  "pk": "d6712040-a92f-4178-a7c9-0a439c9e949d",
  "fields": {
    "recipient": [
      "mfostanes@ssct.edu.ph"
    ],
    "sender": [
      "vfrancisco@ssct.edu.ph"
    ],
    "notification_type": "task_status_changed",
    "title": "Task Update: Homepage",
    "message": "Task \"Homepage\" moved to todo",
    "team": null,
    "project": "bf82a9ae-7a10-473b-a08c-89c2b46bc2a6",
    "task": "6b57f138-11a9-44f1-9499-977c7d9178e8",
    "is_read": false,
    "created_at": "2025-12-10T04:53:35.730Z"
  }
},
{
  "model": "projects.projectnotification",
  "pk": "f2fa5aaf-bf8a-414c-91fd-f0a64ac6499c",
  "fields": {
    "recipient": [
      "mfostanes@ssct.edu.ph"
    ],
    "sender": [
      "fostanesmarkrenier@gmail.com"
    ],
    "notification_type": "team_invite_accepted",
    "title": "admin joined your team",
    "message": "admin accepted the invitation to join Sentinels",
    "team": "f5bbaf31-bd26-4e14-b2a7-650a3c3cf786",
    "project": null,
    "task": null,
    "is_read": true,
    "created_at": "2025-11-30T19:21:13.915Z"
  }
},
{
  "model": "projects.projectnotification",
  "pk": "f49ee2ee-a45e-4688-8436-0ee184359a60",
  "fields": {
    "recipient": [
      "mfostanes@ssct.edu.ph"
    ],
    "sender": [
      "fostanesmarkrenier@gmail.com"
    ],
    "notification_type": "task_status_changed",
    "title": "Task Update: Himoe ug homepage",
    "message": "admin moved \"Himoe ug homepage\" to todo",
    "team": null,
    "project": "c369e4f6-5d03-40c1-82f6-2cb0b7af4dd7",
    "task": "f000d242-9f0f-4436-8ed0-6c8959829081",
    "is_read": false,
    "created_at": "2025-12-08T15:50:31.297Z"
  }
},
{
  "model": "projects.projectnotification",
  "pk": "f4d61de3-80d9-4ea1-9fac-04ff6383e3d1",
  "fields": {
    "recipient": [
      "mfostanes@ssct.edu.ph"
    ],
    "sender": [
      "mfostanes@ssct.edu.ph"
    ],
    "notification_type": "task_assigned",
    "title": "New Task Assigned: navbar",
    "message": "You have been assigned a new task in CCIS-Codehub",
    "team": null,
    "project": "ff10b982-3cf8-4a74-af0d-90c85bfab368",
    "task": "dc10f350-acbf-4e35-bbe5-9c7ca23beeb4",
    "is_read": true,
    "created_at": "2025-11-30T19:32:28.023Z"
  }
},
{
  "model": "ai_mentor.aimentorprofile",
  "pk": "550063ce-2d5c-474e-885a-7c9ab436cfe3",
  "fields": {
    "user": [
      "mfostanes@ssct.edu.ph"
    ],
    "preferred_ai_model": "google_gemini",
    "total_interactions": 12,
    "code_analyses_count": 0,
    "recommendations_followed": 0,
    "total_tokens_used": 869,
    "interaction_history": [],
    "created_at": "2025-11-20T23:52:09.250Z",
    "updated_at": "2025-12-13T15:03:27.167Z"
  }
},
{
  "model": "ai_mentor.aimentorprofile",
  "pk": "77be4735-7712-4745-9ae6-c8aa1ed6a91e",
  "fields": {
    "user": [
      "vfrancisco@ssct.edu.ph"
    ],
    "preferred_ai_model": "google_gemini",
    "total_interactions": 1,
    "code_analyses_count": 0,
    "recommendations_followed": 0,
    "total_tokens_used": 155,
    "interaction_history": [],
    "created_at": "2025-12-10T04:57:21.808Z",
    "updated_at": "2025-12-10T04:57:32.007Z"
  }
},
{
  "model": "ai_mentor.aimentorprofile",
  "pk": "8a3e90bc-5a23-4617-a425-ead7bbef50d7",
  "fields": {
    "user": [
      "jatuel1@ssct.edu.ph"
    ],
    "preferred_ai_model": "google_gemini",
    "total_interactions": 2,
    "code_analyses_count": 0,
    "recommendations_followed": 0,
    "total_tokens_used": 74,
    "interaction_history": [],
    "created_at": "2025-11-10T03:39:21.963Z",
    "updated_at": "2025-11-10T03:39:29.949Z"
  }
},
{
  "model": "ai_mentor.aimentorprofile",
  "pk": "be224eff-73cc-403a-abc7-02a48eae937e",
  "fields": {
    "user": [
      "fostanesmarkrenier@gmail.com"
    ],
    "preferred_ai_model": "gemini_direct",
    "total_interactions": 56,
    "code_analyses_count": 0,
    "recommendations_followed": 0,
    "total_tokens_used": 5467,
    "interaction_history": [],
    "created_at": "2025-11-10T05:39:55.544Z",
    "updated_at": "2025-12-14T16:30:29.668Z"
  }
},
{
  "model": "ai_mentor.aimentorprofile",
  "pk": "d959f12d-5563-4cdb-b57c-fec14df6bac2",
  "fields": {
    "user": [
      "rfostanes@ssct.edu.ph"
    ],
    "preferred_ai_model": "openrouter_gemini",
    "total_interactions": 44,
    "code_analyses_count": 0,
    "recommendations_followed": 0,
    "total_tokens_used": 4355,
    "interaction_history": [],
    "created_at": "2025-11-15T08:38:25.782Z",
    "updated_at": "2025-12-14T15:48:37.248Z"
  }
},
{
  "model": "ai_mentor.projectmentorsession",
  "pk": "13d3743c-e494-455f-85df-8588f7d7df72",
  "fields": {
    "user": [
      "fostanesmarkrenier@gmail.com"
    ],
    "project": null,
    "title": "hi",
    "session_type": "general_chat",
    "status": "active",
    "started_at": "2025-12-14T06:31:54.921Z",
    "ended_at": null
  }
},
{
  "model": "ai_mentor.projectmentorsession",
  "pk": "16392dd1-06e2-41cc-bf81-a0e4be80e4e3",
  "fields": {
    "user": [
      "mfostanes@ssct.edu.ph"
    ],
    "project": null,
    "title": "find me python course",
    "session_type": "general_chat",
    "status": "active",
    "started_at": "2025-12-13T10:25:46.521Z",
    "ended_at": null
  }
},
{
  "model": "ai_mentor.projectmentorsession",
  "pk": "297545c1-011b-4efd-ba24-e1ac71f8095b",
  "fields": {
    "user": [
      "mfostanes@ssct.edu.ph"
    ],
    "project": null,
    "title": null,
    "session_type": "general_chat",
    "status": "active",
    "started_at": "2025-12-13T08:44:29.018Z",
    "ended_at": null
  }
},
{
  "model": "ai_mentor.projectmentorsession",
  "pk": "2a577232-0b6c-4fb9-b222-80c65bcf4345",
  "fields": {
    "user": [
      "mfostanes@ssct.edu.ph"
    ],
    "project": null,
    "title": null,
    "session_type": "general_chat",
    "status": "active",
    "started_at": "2025-12-13T15:03:12.159Z",
    "ended_at": null
  }
},
{
  "model": "ai_mentor.projectmentorsession",
  "pk": "2d629d78-28f7-4ee0-9c5f-e3d96e52ec22",
  "fields": {
    "user": [
      "rfostanes@ssct.edu.ph"
    ],
    "project": null,
    "title": "hi",
    "session_type": "general_chat",
    "status": "active",
    "started_at": "2025-12-14T07:11:52.335Z",
    "ended_at": null
  }
},
{
  "model": "ai_mentor.projectmentorsession",
  "pk": "3e4cc676-d15d-42d0-baaf-53e3fa37fe4f",
  "fields": {
    "user": [
      "rfostanes@ssct.edu.ph"
    ],
    "project": null,
    "title": "hello",
    "session_type": "general_chat",
    "status": "active",
    "started_at": "2025-12-14T06:46:27.553Z",
    "ended_at": null
  }
},
{
  "model": "ai_mentor.projectmentorsession",
  "pk": "4d8be73f-bd8b-405e-8563-a6b8d904158f",
  "fields": {
    "user": [
      "fostanesmarkrenier@gmail.com"
    ],
    "project": null,
    "title": "hi",
    "session_type": "general_chat",
    "status": "active",
    "started_at": "2025-12-14T16:18:03.923Z",
    "ended_at": null
  }
},
{
  "model": "ai_mentor.projectmentorsession",
  "pk": "4da73d25-bdf9-4c66-bc8b-eba2896b8826",
  "fields": {
    "user": [
      "fostanesmarkrenier@gmail.com"
    ],
    "project": null,
    "title": "hi",
    "session_type": "general_chat",
    "status": "active",
    "started_at": "2025-12-14T05:55:37.357Z",
    "ended_at": null
  }
},
{
  "model": "ai_mentor.projectmentorsession",
  "pk": "571958e4-c9f3-4a20-957e-cfd5c4dc0695",
  "fields": {
    "user": [
      "fostanesmarkrenier@gmail.com"
    ],
    "project": null,
    "title": "can you list here what projects are...",
    "session_type": "general_chat",
    "status": "active",
    "started_at": "2025-12-13T09:57:58.607Z",
    "ended_at": null
  }
},
{
  "model": "ai_mentor.projectmentorsession",
  "pk": "66ff84b6-0063-44b8-998d-af8df0cb78bc",
  "fields": {
    "user": [
      "jatuel1@ssct.edu.ph"
    ],
    "project": null,
    "title": null,
    "session_type": "general_chat",
    "status": "active",
    "started_at": "2025-11-10T03:39:08.869Z",
    "ended_at": null
  }
},
{
  "model": "ai_mentor.projectmentorsession",
  "pk": "6b47ddf2-fca1-42b0-a6cd-709371f649da",
  "fields": {
    "user": [
      "fostanesmarkrenier@gmail.com"
    ],
    "project": null,
    "title": "can you list here what projects are...",
    "session_type": "general_chat",
    "status": "active",
    "started_at": "2025-12-13T10:07:39.895Z",
    "ended_at": null
  }
},
{
  "model": "ai_mentor.projectmentorsession",
  "pk": "6e627f99-0856-4f76-8db0-9e02b856ac67",
  "fields": {
    "user": [
      "mfostanes@ssct.edu.ph"
    ],
    "project": null,
    "title": "check kimmy profile",
    "session_type": "general_chat",
    "status": "active",
    "started_at": "2025-12-13T08:34:36.179Z",
    "ended_at": null
  }
},
{
  "model": "ai_mentor.projectmentorsession",
  "pk": "71b1abc9-1082-44c7-a56a-18e135a4a75d",
  "fields": {
    "user": [
      "rfostanes@ssct.edu.ph"
    ],
    "project": null,
    "title": null,
    "session_type": "general_chat",
    "status": "active",
    "started_at": "2025-12-14T05:39:46.889Z",
    "ended_at": null
  }
},
{
  "model": "ai_mentor.projectmentorsession",
  "pk": "7ca210dd-6285-4b6e-ad8d-6de3e20a96e4",
  "fields": {
    "user": [
      "fostanesmarkrenier@gmail.com"
    ],
    "project": null,
    "title": "hi",
    "session_type": "general_chat",
    "status": "active",
    "started_at": "2025-12-14T16:30:14.519Z",
    "ended_at": null
  }
},
{
  "model": "ai_mentor.projectmentorsession",
  "pk": "9dee8757-144c-4d1c-8e56-c5a298df1681",
  "fields": {
    "user": [
      "vfrancisco@ssct.edu.ph"
    ],
    "project": null,
    "title": null,
    "session_type": "general_chat",
    "status": "active",
    "started_at": "2025-12-10T04:57:09.263Z",
    "ended_at": null
  }
},
{
  "model": "ai_mentor.projectmentorsession",
  "pk": "b0967175-6da5-4616-92d5-e33444141d9a",
  "fields": {
    "user": [
      "fostanesmarkrenier@gmail.com"
    ],
    "project": null,
    "title": "can you list here what projects are...",
    "session_type": "general_chat",
    "status": "active",
    "started_at": "2025-12-13T10:18:41.277Z",
    "ended_at": null
  }
},
{
  "model": "ai_mentor.projectmentorsession",
  "pk": "bc9d0d4d-481e-485e-ba56-cf5a4d5646fb",
  "fields": {
    "user": [
      "rfostanes@ssct.edu.ph"
    ],
    "project": null,
    "title": "hi",
    "session_type": "general_chat",
    "status": "active",
    "started_at": "2025-12-14T05:10:49.257Z",
    "ended_at": null
  }
},
{
  "model": "ai_mentor.projectmentorsession",
  "pk": "dda17a0f-0984-4ee3-ab4a-0620c667c1d0",
  "fields": {
    "user": [
      "jatuel1@ssct.edu.ph"
    ],
    "project": null,
    "title": null,
    "session_type": "general_chat",
    "status": "active",
    "started_at": "2025-11-10T03:39:18.416Z",
    "ended_at": null
  }
},
{
  "model": "ai_mentor.projectmentorsession",
  "pk": "dfbfb27f-c60a-4971-b92c-e413ffc703ac",
  "fields": {
    "user": [
      "rfostanes@ssct.edu.ph"
    ],
    "project": null,
    "title": "hello",
    "session_type": "general_chat",
    "status": "active",
    "started_at": "2025-12-14T15:35:20.687Z",
    "ended_at": null
  }
},
{
  "model": "ai_mentor.aimessage",
  "pk": "01f2b14f-22d6-40bf-8c14-2b165e3bf238",
  "fields": {
    "session": "6e627f99-0856-4f76-8db0-9e02b856ac67",
    "sender": "ai",
    "message": "Taking you to Learning Center...",
    "metadata": {},
    "tokens_used": 5,
    "created_at": "2025-12-13T08:42:47.060Z"
  }
},
{
  "model": "ai_mentor.aimessage",
  "pk": "0ac3583d-e6f8-4b79-94b2-3b3fa195cea6",
  "fields": {
    "session": "2d629d78-28f7-4ee0-9c5f-e3d96e52ec22",
    "sender": "ai",
    "message": "Hello Renier Fostanes, instructor at CCIS CodeHub.\n\nHere is a quick overview of the platform's current status:\n- Total Users: 8 (6 students, 1 instructor, which includes yourself).\n- Available Courses: 1 course, \"Python Programming Fundamentals\", which has 5 modules and 1 enrollment.\n- Projects: There are 3 projects in total, with 1 project currently active.\n- Community Posts: The community has 8 posts.\n\nAs an instructor, you currently have no enrollments or projects associated with your profile. You also have no community posts.\n\nWe encourage you to:\n- Explore the \"Python Programming Fundamentals\" course to familiarize yourself with the platform's content and structure.\n- Consider creating new course modules or projects to expand the learning opportunities for students.\n- Engage with the community by viewing or contributing to existing Community Posts.",
    "metadata": {},
    "tokens_used": 133,
    "created_at": "2025-12-14T07:14:31.138Z"
  }
},
{
  "model": "ai_mentor.aimessage",
  "pk": "0ed933d1-1312-4f09-8e8b-dbba2d251503",
  "fields": {
    "session": "6b47ddf2-fca1-42b0-a6cd-709371f649da",
    "sender": "ai",
    "message": "I'm experiencing high traffic right now. Please try again in a moment, or I can help you with: navigating the platform, finding courses, creating projects, or answering general questions about programming!",
    "metadata": {},
    "tokens_used": 41,
    "created_at": "2025-12-13T10:15:33.894Z"
  }
},
{
  "model": "ai_mentor.aimessage",
  "pk": "1206010f-9261-4ea8-89a8-048b383194df",
  "fields": {
    "session": "4da73d25-bdf9-4c66-bc8b-eba2896b8826",
    "sender": "ai",
    "message": " Hello Shishui Uchiha,\n\nYou're currently logged in as an administrator for CCIS-CodeHub. Here are some key platform statistics:\n\n- Total Users: 8 (6 students, 1 instructor)\n- Current Course Enrollments: 1 (in \"Python Programming Fundamentals\")\n- Active Projects: 1\n- Community Posts: 8\n\nAs an administrator, you may want to:\n- Enroll in the \"Python Programming Fundamentals\" course to review its content\n- Monitor the active project progress\n- Engage with the community by reviewing existing posts\n- Consider strategies to increase enrollments in the available course\n\nThe platform currently has limited activity. Expanding course offerings or increasing student outreach could help grow participation.",
    "metadata": {},
    "tokens_used": 105,
    "created_at": "2025-12-14T06:08:41.745Z"
  }
},
{
  "model": "ai_mentor.aimessage",
  "pk": "184401a0-a637-4a65-960d-5171421eaf09",
  "fields": {
    "session": "6e627f99-0856-4f76-8db0-9e02b856ac67",
    "sender": "user",
    "message": "hi",
    "metadata": {},
    "tokens_used": 0,
    "created_at": "2025-12-13T08:34:41.736Z"
  }
},
{
  "model": "ai_mentor.aimessage",
  "pk": "1bd6791e-499f-4ca5-8abf-3bc9de2c90a8",
  "fields": {
    "session": "7ca210dd-6285-4b6e-ad8d-6de3e20a96e4",
    "sender": "user",
    "message": "hi",
    "metadata": {},
    "tokens_used": 0,
    "created_at": "2025-12-14T16:30:20.241Z"
  }
},
{
  "model": "ai_mentor.aimessage",
  "pk": "1da56385-4e2e-43dc-b99c-7f2f7dabcdb1",
  "fields": {
    "session": "bc9d0d4d-481e-485e-ba56-cf5a4d5646fb",
    "sender": "user",
    "message": "find me anything content in community page",
    "metadata": {},
    "tokens_used": 0,
    "created_at": "2025-12-14T05:27:59.866Z"
  }
},
{
  "model": "ai_mentor.aimessage",
  "pk": "1f3f3acf-d5a9-48aa-baf1-9266dd1da7e1",
  "fields": {
    "session": "13d3743c-e494-455f-85df-8588f7d7df72",
    "sender": "ai",
    "message": "AI service is currently unavailable. Rate limits exceeded for all available models. Please try again later.",
    "metadata": {},
    "tokens_used": 17,
    "created_at": "2025-12-14T06:33:11.460Z"
  }
},
{
  "model": "ai_mentor.aimessage",
  "pk": "21848981-9908-4e89-ae66-7e2f7b4006bd",
  "fields": {
    "session": "dfbfb27f-c60a-4971-b92c-e413ffc703ac",
    "sender": "user",
    "message": "yes, now post it",
    "metadata": {},
    "tokens_used": 0,
    "created_at": "2025-12-14T15:36:59.351Z"
  }
},
{
  "model": "ai_mentor.aimessage",
  "pk": "22e4f5b6-a2a5-4826-b9c3-85e5a4b87225",
  "fields": {
    "session": "6e627f99-0856-4f76-8db0-9e02b856ac67",
    "sender": "user",
    "message": "nav to learning",
    "metadata": {},
    "tokens_used": 0,
    "created_at": "2025-12-13T08:42:44.713Z"
  }
},
{
  "model": "ai_mentor.aimessage",
  "pk": "255bd31c-4199-43a4-b2cc-0dfe9766b1d7",
  "fields": {
    "session": "2d629d78-28f7-4ee0-9c5f-e3d96e52ec22",
    "sender": "ai",
    "message": "Error generating response: Invalid Gemini API key. Please check your GOOGLE_GEMINI_API_KEY in .env or use OpenRouter instead.. Please check your API key configuration.",
    "metadata": {},
    "tokens_used": 0,
    "created_at": "2025-12-14T07:12:06.370Z"
  }
},
{
  "model": "ai_mentor.aimessage",
  "pk": "2679286b-357f-4a13-8582-5fd55bafd17d",
  "fields": {
    "session": "dfbfb27f-c60a-4971-b92c-e413ffc703ac",
    "sender": "ai",
    "message": "Here's the draft of your post, Renier:\n\n```\nHey everyone! 👋 I'm Renier, and I'm absolutely thrilled to finally introduce myself to the amazing CCIS-CodeHub community! I've been diving deep into the modules here, and I'm genuinely amazed at how much I've learned already.\n\nJust recently, I finally grasped the concepts of responsive design after a few head-scratching moments, and completing my first mini-project in HTML/CSS felt like a huge win! 🎉 It's incredible to see my code come to life. While some challenges definitely made me want to pull my hair out, the clear explanations and supportive resources on CodeHub have been a game-changer.\n\nI'm super excited to keep building my skills, especially in Python, and connect with more of you. Looking forward to learning from everyone's experiences and hopefully contributing in the future! Let's code something amazing together! 😊\n\n#CCISCodeHub #StudentDeveloper #LearningJourney #WebDevelopment #SNSU\n```\n\nDoes this look good to you? If so, I can go ahead and post it! Or would you like any changes?",
    "metadata": {
      "intent": "create_post",
      "awaiting_confirmation": true,
      "action_data": {
        "success": true,
        "content": "Hey everyone! 👋 I'm Renier, and I'm absolutely thrilled to finally introduce myself to the amazing CCIS-CodeHub community! I've been diving deep into the modules here, and I'm genuinely amazed at how much I've learned already.\n\nJust recently, I finally grasped the concepts of responsive design after a few head-scratching moments, and completing my first mini-project in HTML/CSS felt like a huge win! 🎉 It's incredible to see my code come to life. While some challenges definitely made me want to pull my hair out, the clear explanations and supportive resources on CodeHub have been a game-changer.\n\nI'm super excited to keep building my skills, especially in Python, and connect with more of you. Looking forward to learning from everyone's experiences and hopefully contributing in the future! Let's code something amazing together! 😊",
        "hashtags": [
          "CCISCodeHub",
          "StudentDeveloper",
          "LearningJourney",
          "WebDevelopment",
          "SNSU"
        ]
      }
    },
    "tokens_used": 168,
    "created_at": "2025-12-14T15:36:25.866Z"
  }
},
{
  "model": "ai_mentor.aimessage",
  "pk": "2a547139-6fcd-402f-aea4-872b4cb1495c",
  "fields": {
    "session": "6b47ddf2-fca1-42b0-a6cd-709371f649da",
    "sender": "user",
    "message": "can you list here what projects are available for me?",
    "metadata": {},
    "tokens_used": 0,
    "created_at": "2025-12-13T10:15:31.754Z"
  }
},
{
  "model": "ai_mentor.aimessage",
  "pk": "2bfd8272-a99f-489a-9448-1a3e41216903",
  "fields": {
    "session": "dfbfb27f-c60a-4971-b92c-e413ffc703ac",
    "sender": "user",
    "message": "hello",
    "metadata": {},
    "tokens_used": 0,
    "created_at": "2025-12-14T15:35:25.945Z"
  }
},
{
  "model": "ai_mentor.aimessage",
  "pk": "30b03f2c-89b3-4130-ad5b-b8f0b4031ac6",
  "fields": {
    "session": "dda17a0f-0984-4ee3-ab4a-0620c667c1d0",
    "sender": "ai",
    "message": "I'm here to help! While my AI connection is being configured, I can still assist you. What programming topic would you like to explore? Try asking about Python, JavaScript, React, Django, or any other technology!",
    "metadata": {},
    "tokens_used": 38,
    "created_at": "2025-11-10T03:39:29.941Z"
  }
},
{
  "model": "ai_mentor.aimessage",
  "pk": "31d4dba2-c42b-47a9-86bb-8deb3827b6f0",
  "fields": {
    "session": "bc9d0d4d-481e-485e-ba56-cf5a4d5646fb",
    "sender": "user",
    "message": "hi",
    "metadata": {},
    "tokens_used": 0,
    "created_at": "2025-12-14T05:25:28.086Z"
  }
},
{
  "model": "ai_mentor.aimessage",
  "pk": "3f3502a3-ca45-4142-90bd-0733e4e74319",
  "fields": {
    "session": "6e627f99-0856-4f76-8db0-9e02b856ac67",
    "sender": "ai",
    "message": "The \"Software Engineering\" course has been found. You are currently enrolled in this course.\n\nAs @Renier1, you are already registered for the \"Software Engineering\" course, which has 1 module. There are 4 total enrollments for this course on the platform.\n\nTo access your course materials, you can view the \"Software Engineering\" course page. If you wish to explore other options, you can browse available career paths such as \"Software Engineering 2\" or \"Frontend Developer Fundamentals\".",
    "metadata": {},
    "tokens_used": 83,
    "created_at": "2025-12-13T08:42:17.362Z"
  }
},
{
  "model": "ai_mentor.aimessage",
  "pk": "40c6d10c-0460-4082-99a8-74920a755d84",
  "fields": {
    "session": "3e4cc676-d15d-42d0-baaf-53e3fa37fe4f",
    "sender": "ai",
    "message": "AI service is currently unavailable. Rate limits exceeded for all available models. Please try again later.",
    "metadata": {},
    "tokens_used": 17,
    "created_at": "2025-12-14T06:48:43.577Z"
  }
},
{
  "model": "ai_mentor.aimessage",
  "pk": "4243d778-d368-4a05-9795-3f095cbdd34f",
  "fields": {
    "session": "7ca210dd-6285-4b6e-ad8d-6de3e20a96e4",
    "sender": "ai",
    "message": "Welcome, Shishui Uchiha.\n\nHere is a quick overview of the CCIS CodeHub platform's current status:\n\n- We have a total of 8 registered users, consisting of 6 students, 1 instructor, and yourself as an admin.\n- There are 2 available courses with a combined total of 8 modules. The \"Python Programming Fundamentals\" course currently has 1 enrollment.\n- We have 3 projects in total, with 1 project currently active.\n- The community has 8 posts, and you have made 5 of these posts.\n\nAs an admin, you can monitor platform activity, manage content, and engage with the community. You are currently not enrolled in any courses.\n\nPlease let me know if you require assistance with any specific tasks or wish to explore further platform data.",
    "metadata": {},
    "tokens_used": 126,
    "created_at": "2025-12-14T16:30:29.660Z"
  }
},
{
  "model": "ai_mentor.aimessage",
  "pk": "44c86014-b1f7-4bff-a510-45665e51eade",
  "fields": {
    "session": "dfbfb27f-c60a-4971-b92c-e413ffc703ac",
    "sender": "ai",
    "message": "Error generating response: Gemini rate limit exceeded. Try again later or switch to OpenRouter.. Please check your API key configuration.",
    "metadata": {},
    "tokens_used": 0,
    "created_at": "2025-12-14T15:37:01.194Z"
  }
},
{
  "model": "ai_mentor.aimessage",
  "pk": "45402973-59a7-4cdd-8410-c8d7a43e1d62",
  "fields": {
    "session": "6e627f99-0856-4f76-8db0-9e02b856ac67",
    "sender": "user",
    "message": "check kimmy profile",
    "metadata": {},
    "tokens_used": 0,
    "created_at": "2025-12-13T08:41:36.676Z"
  }
},
{
  "model": "ai_mentor.aimessage",
  "pk": "47f38a3a-60c3-40c2-b9c2-9895ad02dfdf",
  "fields": {
    "session": "571958e4-c9f3-4a20-957e-cfd5c4dc0695",
    "sender": "ai",
    "message": "Error generating response: 'Project' object has no attribute 'title'. Please check your API key configuration.",
    "metadata": {},
    "tokens_used": 0,
    "created_at": "2025-12-13T10:03:25.841Z"
  }
},
{
  "model": "ai_mentor.aimessage",
  "pk": "488d5b73-1eaa-4806-afe9-94be99dc3e5c",
  "fields": {
    "session": "16392dd1-06e2-41cc-bf81-a0e4be80e4e3",
    "sender": "user",
    "message": "find me python course",
    "metadata": {},
    "tokens_used": 0,
    "created_at": "2025-12-13T15:03:25.726Z"
  }
},
{
  "model": "ai_mentor.aimessage",
  "pk": "4984c2f5-2b4a-4d8a-bbad-0647ba1d597d",
  "fields": {
    "session": "2d629d78-28f7-4ee0-9c5f-e3d96e52ec22",
    "sender": "user",
    "message": "hi",
    "metadata": {},
    "tokens_used": 0,
    "created_at": "2025-12-14T07:12:04.717Z"
  }
},
{
  "model": "ai_mentor.aimessage",
  "pk": "4de4aaef-65a5-44ed-8230-d62f63a62484",
  "fields": {
    "session": "3e4cc676-d15d-42d0-baaf-53e3fa37fe4f",
    "sender": "user",
    "message": "hi",
    "metadata": {},
    "tokens_used": 0,
    "created_at": "2025-12-14T07:03:12.369Z"
  }
},
{
  "model": "ai_mentor.aimessage",
  "pk": "4f711312-5543-4a3c-a95d-52cc0a42526a",
  "fields": {
    "session": "9dee8757-144c-4d1c-8e56-c5a298df1681",
    "sender": "ai",
    "message": "No exact matches were found for \"software engineering course.\"\n\nIt looks like we couldn't find any exact matches for \"software engineering course.\"\n\nTo help you find what you're looking for, you might try:\n\n**1. Broadening your search with related terms:**\n*   \"Software development courses\"\n*   \"Programming courses\"\n*   \"Computer science degree\"\n*   \"Web development bootcamps\"\n*   \"Coding academies\"\n\n**2. Being more specific about your needs:**\n*   **Level:** \"Beginner software engineering,\" \"Advanced software architecture\"\n*   **Format:** \"Online software engineering course,\" \"Self-paced software development\"\n*   **Specific Area:** \"Full-stack development course,\" \"Mobile app development training,\" \"DevOps certification\"\n\n**Or, tell us more about what you're looking for:**\n*   Are you interested in an introductory course or something more advanced?\n*   Do you prefer an online, in-person, or self-paced format?\n*   Is there a particular programming language (e.g., Python, Java) or area of software engineering (e.g., web, mobile, data) you're focusing on?\n\nPlease try searching again with a refined query!",
    "metadata": {
      "intent": "search",
      "search_results": {
        "success": true,
        "query": "software engineering course",
        "paths": [],
        "modules": [],
        "total": 0
      }
    },
    "tokens_used": 155,
    "created_at": "2025-12-10T04:57:31.997Z"
  }
},
{
  "model": "ai_mentor.aimessage",
  "pk": "53c7971e-463e-4df7-b0a4-2ddcf5d80afe",
  "fields": {
    "session": "6e627f99-0856-4f76-8db0-9e02b856ac67",
    "sender": "user",
    "message": "how about in software engineering 2? enroll me on it",
    "metadata": {},
    "tokens_used": 0,
    "created_at": "2025-12-13T08:43:49.330Z"
  }
},
{
  "model": "ai_mentor.aimessage",
  "pk": "583c25e8-cff9-45fb-845d-ef13dbd45a8a",
  "fields": {
    "session": "6e627f99-0856-4f76-8db0-9e02b856ac67",
    "sender": "ai",
    "message": "Found Jillian Atuel (@kimmy). Opening their profile...",
    "metadata": {},
    "tokens_used": 7,
    "created_at": "2025-12-13T08:41:40.301Z"
  }
},
{
  "model": "ai_mentor.aimessage",
  "pk": "5cca7344-92a5-4fa2-99ee-a97390f2a755",
  "fields": {
    "session": "6e627f99-0856-4f76-8db0-9e02b856ac67",
    "sender": "ai",
    "message": "You have requested to enroll in \"Software Engineering 2\".\n\n\"Software Engineering 2\" (ID:46ebccfa-c39b-43bd-82a2-0d219f105ecf) is an available course on CodeHub. You will now be enrolled in this course.\n\nYou are currently enrolled in the \"Software Engineering\" course. CodeHub offers a total of 3 career paths/courses.\n\nYou can explore our other courses, such as \"Frontend Developer Fundamentals\".",
    "metadata": {},
    "tokens_used": 65,
    "created_at": "2025-12-13T08:43:56.284Z"
  }
},
{
  "model": "ai_mentor.aimessage",
  "pk": "5fd9fa30-6acf-46d1-bb98-2d01c35835ad",
  "fields": {
    "session": "3e4cc676-d15d-42d0-baaf-53e3fa37fe4f",
    "sender": "ai",
    "message": "AI service is currently unavailable. Rate limits exceeded for all available models. Please try again later.",
    "metadata": {},
    "tokens_used": 19,
    "created_at": "2025-12-14T06:50:55.263Z"
  }
},
{
  "model": "ai_mentor.aimessage",
  "pk": "6cb7f2ca-0feb-42d5-9d0e-cd643b0bb32a",
  "fields": {
    "session": "6b47ddf2-fca1-42b0-a6cd-709371f649da",
    "sender": "user",
    "message": "can you list here what projects are available for me?",
    "metadata": {},
    "tokens_used": 0,
    "created_at": "2025-12-13T10:07:49.037Z"
  }
},
{
  "model": "ai_mentor.aimessage",
  "pk": "6d45005d-7a1b-4f53-8495-581393f03ad6",
  "fields": {
    "session": "bc9d0d4d-481e-485e-ba56-cf5a4d5646fb",
    "sender": "ai",
    "message": "Welcome Renier Fostanes  \n\nThe CCIS CodeHub platform currently has the following status  \n\n- TOTAL USERS: 8 (6 students, 1 instructor)  \n- COURSES: 1 available course - PYTHON PROGRAMMING FUNDAMENTALS (ID: ec490f52-a98d-4e1e-87f2-91eb8dce16e6) with 5 modules and 1 enrollment  \n- PROJECTS: 3 total (1 active)  \n- COMMUNITY POSTS: 8  \n\nAs the instructor, you may take the following actions  \n\n- ENROLL in the PYTHON PROGRAMMING FUNDAMENTALS course to access all materials and manage content  \n- REVIEW the 8 community posts to engage with student discussions  \n- EXPLORE the 3 projects (1 active) to guide student work and provide feedback  \n\nYour current status shows zero enrolled courses, projects, or posts. Enrolling in the course is recommended to begin instructing.",
    "metadata": {},
    "tokens_used": 116,
    "created_at": "2025-12-14T05:36:48.511Z"
  }
},
{
  "model": "ai_mentor.aimessage",
  "pk": "6f00d8ea-1d43-4992-85b9-c7617f6ea517",
  "fields": {
    "session": "3e4cc676-d15d-42d0-baaf-53e3fa37fe4f",
    "sender": "user",
    "message": "checks kimmy's profile",
    "metadata": {},
    "tokens_used": 0,
    "created_at": "2025-12-14T06:48:52.324Z"
  }
},
{
  "model": "ai_mentor.aimessage",
  "pk": "745e32ac-aaba-42be-bc94-3d1e75f3a6e8",
  "fields": {
    "session": "4da73d25-bdf9-4c66-bc8b-eba2896b8826",
    "sender": "ai",
    "message": "Error generating response: Invalid Gemini API key. Please check your GOOGLE_GEMINI_API_KEY in .env or use OpenRouter instead.. Please check your API key configuration.",
    "metadata": {},
    "tokens_used": 0,
    "created_at": "2025-12-14T05:55:47.083Z"
  }
},
{
  "model": "ai_mentor.aimessage",
  "pk": "746f0a10-6e10-4965-8a53-12170435ebc2",
  "fields": {
    "session": "4da73d25-bdf9-4c66-bc8b-eba2896b8826",
    "sender": "user",
    "message": "hi",
    "metadata": {},
    "tokens_used": 0,
    "created_at": "2025-12-14T05:55:44.929Z"
  }
},
{
  "model": "ai_mentor.aimessage",
  "pk": "78e6dbe5-e153-4950-96b8-75b931e72119",
  "fields": {
    "session": "4da73d25-bdf9-4c66-bc8b-eba2896b8826",
    "sender": "user",
    "message": "hi",
    "metadata": {},
    "tokens_used": 0,
    "created_at": "2025-12-14T06:07:52.583Z"
  }
},
{
  "model": "ai_mentor.aimessage",
  "pk": "83e116cc-9bd4-4a54-b687-f02ada21e3f3",
  "fields": {
    "session": "dda17a0f-0984-4ee3-ab4a-0620c667c1d0",
    "sender": "user",
    "message": "hi",
    "metadata": {},
    "tokens_used": 0,
    "created_at": "2025-11-10T03:39:21.945Z"
  }
},
{
  "model": "ai_mentor.aimessage",
  "pk": "8433043c-9760-4a03-90c6-b7796671cc7f",
  "fields": {
    "session": "b0967175-6da5-4616-92d5-e33444141d9a",
    "sender": "ai",
    "message": "I'm experiencing high traffic right now. Please try again in a moment, or I can help you with: navigating the platform, finding courses, creating projects, or answering general questions about programming!",
    "metadata": {},
    "tokens_used": 41,
    "created_at": "2025-12-13T10:18:52.189Z"
  }
},
{
  "model": "ai_mentor.aimessage",
  "pk": "860400e6-51e8-45b4-bbfe-2aa5eaf94b98",
  "fields": {
    "session": "dfbfb27f-c60a-4971-b92c-e413ffc703ac",
    "sender": "ai",
    "message": "Post creation failed: Error creating post: Post() got unexpected keyword arguments: 'user'",
    "metadata": {
      "action_result": {
        "success": false,
        "message": "Error creating post: Post() got unexpected keyword arguments: 'user'"
      }
    },
    "tokens_used": 12,
    "created_at": "2025-12-14T15:41:27.952Z"
  }
},
{
  "model": "ai_mentor.aimessage",
  "pk": "89e04d4f-894f-4179-8881-29aae8c5e896",
  "fields": {
    "session": "bc9d0d4d-481e-485e-ba56-cf5a4d5646fb",
    "sender": "ai",
    "message": "The CCIS CodeHub platform currently has 8 total users, including 6 students and 1 instructor. The available course is **Python Programming Fundamentals** (ID: ec490f52-a98d-4e1e-87f2-91eb8dce16e6) with 5 modules and 1 enrollment.  \n\nAs the instructor, you may:  \n- ENROLL in the **Python Programming Fundamentals** course to access all materials and manage content  \n- REVIEW the 8 community posts to engage with student discussions  \n- EXPLORE the 3 projects (1 active) to guide student work and provide feedback  \n\nYour current status shows zero enrolled courses, projects, or posts. Consider enrolling in the course to begin instructing.",
    "metadata": {},
    "tokens_used": 94,
    "created_at": "2025-12-14T05:25:42.268Z"
  }
},
{
  "model": "ai_mentor.aimessage",
  "pk": "8bb8ff9f-b24b-4b51-b3b5-0d3edebbeb89",
  "fields": {
    "session": "13d3743c-e494-455f-85df-8588f7d7df72",
    "sender": "user",
    "message": "hi",
    "metadata": {},
    "tokens_used": 0,
    "created_at": "2025-12-14T06:32:02.883Z"
  }
},
{
  "model": "ai_mentor.aimessage",
  "pk": "8e06c09e-ae30-40f3-abcb-785432c78f26",
  "fields": {
    "session": "3e4cc676-d15d-42d0-baaf-53e3fa37fe4f",
    "sender": "ai",
    "message": "Error generating response: Invalid Gemini API key. Please check your GOOGLE_GEMINI_API_KEY in .env or use OpenRouter instead.. Please check your API key configuration.",
    "metadata": {},
    "tokens_used": 0,
    "created_at": "2025-12-14T07:10:15.396Z"
  }
},
{
  "model": "ai_mentor.aimessage",
  "pk": "906201cd-1d0e-4396-af45-8719f44c97a7",
  "fields": {
    "session": "dfbfb27f-c60a-4971-b92c-e413ffc703ac",
    "sender": "ai",
    "message": "Here's the post you've generated:\n\n---\nHey everyone! 👋 Just wanted to share how incredibly grateful I am for the CCIS-CodeHub platform. Seriously, it's been a game-changer for my coding journey! I remember feeling a bit overwhelmed at first, but with the clear tutorials and supportive resources, things are really starting to click.\n\nJust today, I finally understood how to implement object-oriented principles in my latest mini-project, and seeing it run flawlessly was such an awesome feeling! 🚀 It’s amazing how much progress I've made in just a few weeks. The community here is also super encouraging, and it makes learning so much more enjoyable. Keep up the amazing work, CodeHub team, and to all my fellow learners, don't give up! Every line of code is a step forward. Let's keep building! ✨\n\nHashtags: CodeHubLearner, CodingJourney, CCISCommunity, StudentDeveloper\n---\n\nWould you like to post this content?",
    "metadata": {
      "intent": "create_post",
      "awaiting_confirmation": true,
      "action_data": {
        "success": true,
        "content": "Hey everyone! 👋 Just wanted to share how incredibly grateful I am for the CCIS-CodeHub platform. Seriously, it's been a game-changer for my coding journey! I remember feeling a bit overwhelmed at first, but with the clear tutorials and supportive resources, things are really starting to click.\n\nJust today, I finally understood how to implement object-oriented principles in my latest mini-project, and seeing it run flawlessly was such an awesome feeling! 🚀 It’s amazing how much progress I've made in just a few weeks. The community here is also super encouraging, and it makes learning so much more enjoyable. Keep up the amazing work, CodeHub team, and to all my fellow learners, don't give up! Every line of code is a step forward. Let's keep building! ✨",
        "hashtags": [
          "CodeHubLearner",
          "CodingJourney",
          "CCISCommunity",
          "StudentDeveloper"
        ]
      }
    },
    "tokens_used": 146,
    "created_at": "2025-12-14T15:41:17.350Z"
  }
},
{
  "model": "ai_mentor.aimessage",
  "pk": "90b852ed-3001-408e-919f-caaa63ca6407",
  "fields": {
    "session": "dfbfb27f-c60a-4971-b92c-e413ffc703ac",
    "sender": "user",
    "message": "find me a project",
    "metadata": {},
    "tokens_used": 0,
    "created_at": "2025-12-14T15:44:09.879Z"
  }
},
{
  "model": "ai_mentor.aimessage",
  "pk": "98637004-0947-4681-8fab-6098dc7fb399",
  "fields": {
    "session": "dfbfb27f-c60a-4971-b92c-e413ffc703ac",
    "sender": "user",
    "message": "yes do it, post it now",
    "metadata": {},
    "tokens_used": 0,
    "created_at": "2025-12-14T15:41:01.324Z"
  }
},
{
  "model": "ai_mentor.aimessage",
  "pk": "98d8bf26-fdb9-441e-a3f4-ea66cd43943b",
  "fields": {
    "session": "4d8be73f-bd8b-405e-8563-a6b8d904158f",
    "sender": "ai",
    "message": "⚠️ *DeepSeek R1T Chimera is currently rate limited. Responded using Kat Coder Pro.*\n\n---\n\nWelcome! I'm here to help you with CCIS-CodeHub.\n\nHow can I assist you today? Here are some things I can help with:\n\n- Course recommendations\n- Project guidance\n- Career path advice\n- Technical questions\n- Platform navigation\n\nLet me know what you'd like to explore! 😊",
    "metadata": {},
    "tokens_used": 62,
    "created_at": "2025-12-14T16:22:45.591Z"
  }
},
{
  "model": "ai_mentor.aimessage",
  "pk": "9e66e515-9d5d-4353-a01c-0cb4417c389d",
  "fields": {
    "session": "dda17a0f-0984-4ee3-ab4a-0620c667c1d0",
    "sender": "user",
    "message": "what are you?",
    "metadata": {},
    "tokens_used": 0,
    "created_at": "2025-11-10T03:39:29.462Z"
  }
},
{
  "model": "ai_mentor.aimessage",
  "pk": "9e8fc79b-50ef-4a91-857a-a8c643ca3eed",
  "fields": {
    "session": "2d629d78-28f7-4ee0-9c5f-e3d96e52ec22",
    "sender": "user",
    "message": "hi",
    "metadata": {},
    "tokens_used": 0,
    "created_at": "2025-12-14T07:13:07.150Z"
  }
},
{
  "model": "ai_mentor.aimessage",
  "pk": "a0020751-131c-45ef-8fc8-d9c39a7db719",
  "fields": {
    "session": "4da73d25-bdf9-4c66-bc8b-eba2896b8826",
    "sender": "ai",
    "message": "Welcome Shishui Uchiha  \n\nThe CCIS CodeHub platform currently has the following status:  \n\n- TOTAL USERS: 8 (6 students, 1 instructor)  \n- ACTIVE COURSE: Python Programming Fundamentals (5 modules, 1 enrolled)  \n- PROJECTS: 3 total (1 active)  \n- COMMUNITY POSTS: 8  \n\nAs an administrator, you may consider the following actions:  \n- ENROLL in the Python Programming Fundamentals course to review content or adjust materials  \n- REVIEW the single active project to monitor progress or provide guidance  \n- ENGAGE with the community by responding to existing posts or creating new ones for student support  \n- ANALYZE enrollment data to identify opportunities for additional course creation or user onboarding  \n\nThe platform currently has limited enrollments - expanding course offerings or outreach could help grow student participation.",
    "metadata": {},
    "tokens_used": 124,
    "created_at": "2025-12-14T05:56:15.695Z"
  }
},
{
  "model": "ai_mentor.aimessage",
  "pk": "a3696ae0-1e0d-472c-b106-8e7ffc101288",
  "fields": {
    "session": "dfbfb27f-c60a-4971-b92c-e413ffc703ac",
    "sender": "user",
    "message": "Yes, do it",
    "metadata": {},
    "tokens_used": 0,
    "created_at": "2025-12-14T15:41:19.043Z"
  }
},
{
  "model": "ai_mentor.aimessage",
  "pk": "a8284c60-4e55-4f48-8351-4ddbb40d7c2c",
  "fields": {
    "session": "571958e4-c9f3-4a20-957e-cfd5c4dc0695",
    "sender": "user",
    "message": "can you list here what projects are available for me?",
    "metadata": {},
    "tokens_used": 0,
    "created_at": "2025-12-13T10:03:24.870Z"
  }
},
{
  "model": "ai_mentor.aimessage",
  "pk": "aa144b3a-6a70-4cd2-a4a3-df066a2645ed",
  "fields": {
    "session": "dfbfb27f-c60a-4971-b92c-e413ffc703ac",
    "sender": "user",
    "message": "find me a project for me in project page",
    "metadata": {},
    "tokens_used": 0,
    "created_at": "2025-12-14T15:47:00.276Z"
  }
},
{
  "model": "ai_mentor.aimessage",
  "pk": "aae84cbb-70bd-4b40-9a4f-27c294db7a7f",
  "fields": {
    "session": "2d629d78-28f7-4ee0-9c5f-e3d96e52ec22",
    "sender": "user",
    "message": "hi",
    "metadata": {},
    "tokens_used": 0,
    "created_at": "2025-12-14T07:14:19.963Z"
  }
},
{
  "model": "ai_mentor.aimessage",
  "pk": "abebec99-7709-41b7-8d1c-d35cd6d118b6",
  "fields": {
    "session": "4d8be73f-bd8b-405e-8563-a6b8d904158f",
    "sender": "user",
    "message": "hi",
    "metadata": {},
    "tokens_used": 0,
    "created_at": "2025-12-14T16:18:09.096Z"
  }
},
{
  "model": "ai_mentor.aimessage",
  "pk": "ade69d4c-f749-4aab-b9e8-4a72e7bc2fd8",
  "fields": {
    "session": "4da73d25-bdf9-4c66-bc8b-eba2896b8826",
    "sender": "user",
    "message": "hi",
    "metadata": {},
    "tokens_used": 0,
    "created_at": "2025-12-14T05:56:03.001Z"
  }
},
{
  "model": "ai_mentor.aimessage",
  "pk": "aee7488b-4c33-4e48-95e3-ef50eb6a0f91",
  "fields": {
    "session": "dfbfb27f-c60a-4971-b92c-e413ffc703ac",
    "sender": "user",
    "message": "Yes, do it",
    "metadata": {},
    "tokens_used": 0,
    "created_at": "2025-12-14T15:36:28.300Z"
  }
},
{
  "model": "ai_mentor.aimessage",
  "pk": "b05a7fc8-b9e3-4b46-aef2-6167334f7f7e",
  "fields": {
    "session": "bc9d0d4d-481e-485e-ba56-cf5a4d5646fb",
    "sender": "ai",
    "message": "### Helpful Response for Your Search: \"anything content\"\n\nHi there! I noticed you searched for **\"anything content\"**, but there aren’t any exact matches for that term in our current course catalog. However, I’d love to help guide you toward valuable resources!  \n\n### 📌 **Available Course Recommendation**  \nRight now, the platform offers a **highly foundational and widely-used course**:  \n#### **💻 Python Programming Fundamentals**  \n\nThis course is perfect for building core programming skills and is often the starting point for computer science students. It covers:  \n- **Python syntax & semantics**  \n- **Variables, data types, and operators**  \n- **Control structures (loops, conditionals)**  \n- **Functions and modules**  \n- **Basic data structures (lists, dictionaries, etc.)**  \n- **Introduction to problem-solving with code**  \n\nIf you were looking for content related to **web development, data analysis, algorithms, or other CS topics**, this Python course will give you the essential toolkit to explore those areas next!\n\n---\n\n### 🤔 **Need Clarification?**  \nCould you share a bit more about what you’re aiming to learn? For example:  \n- Are you interested in **content creation** (e.g., web content, game development, data visualization)?  \n- Are you exploring **programming concepts**, **software design**, or **specific tools**?  \n- Or perhaps you’re looking for **project-based learning**, **coding challenges**, or **theoretical CS topics**?  \n\n**Just let me know**, and I’ll suggest the best next steps or point you to relevant resources—even if they’re outside the current catalog!  \n\n---\n\n### ✅ **Next Steps**  \n1. **Start with *Python Programming Fundamentals*** to build a strong foundation.  \n2. **Reply with more details** about your goals, and I’ll help you map out a learning path.  \n\nLooking forward to helping you succeed in your CS journey! 🚀",
    "metadata": {
      "intent": "search",
      "search_results": {
        "success": true,
        "query": "anything content",
        "paths": [],
        "modules": [],
        "total": 0
      }
    },
    "tokens_used": 272,
    "created_at": "2025-12-14T05:28:12.130Z"
  }
},
{
  "model": "ai_mentor.aimessage",
  "pk": "b23693eb-7e6e-4f88-be54-1b2de2af8fab",
  "fields": {
    "session": "bc9d0d4d-481e-485e-ba56-cf5a4d5646fb",
    "sender": "ai",
    "message": "Found Shishui Uchiha (@admin). Opening their profile...",
    "metadata": {},
    "tokens_used": 7,
    "created_at": "2025-12-14T05:26:51.686Z"
  }
},
{
  "model": "ai_mentor.aimessage",
  "pk": "b297ff98-47f9-4558-be58-79b0106b2954",
  "fields": {
    "session": "b0967175-6da5-4616-92d5-e33444141d9a",
    "sender": "user",
    "message": "can you list here what projects are available for me?",
    "metadata": {},
    "tokens_used": 0,
    "created_at": "2025-12-13T10:18:50.620Z"
  }
},
{
  "model": "ai_mentor.aimessage",
  "pk": "b5266561-72a2-4137-ae8f-b212bae8afbf",
  "fields": {
    "session": "6b47ddf2-fca1-42b0-a6cd-709371f649da",
    "sender": "user",
    "message": "find me courses about frontend",
    "metadata": {},
    "tokens_used": 0,
    "created_at": "2025-12-13T10:15:50.868Z"
  }
},
{
  "model": "ai_mentor.aimessage",
  "pk": "b8181a0c-af12-493f-a283-19f0039f5aea",
  "fields": {
    "session": "bc9d0d4d-481e-485e-ba56-cf5a4d5646fb",
    "sender": "user",
    "message": "hello",
    "metadata": {},
    "tokens_used": 0,
    "created_at": "2025-12-14T05:36:38.391Z"
  }
},
{
  "model": "ai_mentor.aimessage",
  "pk": "beb5a2ea-ef55-4d7a-a983-4a1b0c617c8b",
  "fields": {
    "session": "6b47ddf2-fca1-42b0-a6cd-709371f649da",
    "sender": "ai",
    "message": "Error generating response: 'Project' object has no attribute 'title'. Please check your API key configuration.",
    "metadata": {},
    "tokens_used": 0,
    "created_at": "2025-12-13T10:07:50.453Z"
  }
},
{
  "model": "ai_mentor.aimessage",
  "pk": "bfdd824a-b157-438c-a9d9-1cf939db56b4",
  "fields": {
    "session": "6b47ddf2-fca1-42b0-a6cd-709371f649da",
    "sender": "ai",
    "message": "I'm experiencing high traffic right now. Please try again in a moment, or I can help you with: navigating the platform, finding courses, creating projects, or answering general questions about programming!",
    "metadata": {
      "intent": "search",
      "search_results": {
        "success": true,
        "query": "find me courses about frontend",
        "paths": [],
        "modules": [],
        "total": 0
      }
    },
    "tokens_used": 31,
    "created_at": "2025-12-13T10:15:52.426Z"
  }
},
{
  "model": "ai_mentor.aimessage",
  "pk": "c3cd307b-defb-4334-9132-114286bb3654",
  "fields": {
    "session": "dfbfb27f-c60a-4971-b92c-e413ffc703ac",
    "sender": "ai",
    "message": "Welcome to CCIS CodeHub, Renier Fostanes. You are currently logged in as an instructor.\n\nOur platform currently serves 8 total users, comprising 6 students and 1 instructor. We offer 2 courses across 8 modules, with 3 total projects, and 8 community posts.\n\nAs an instructor, you might consider the following actions:\n- View the available courses: \"Comprehensive Data Structures for College Students\" and \"Python Programming Fundamentals\".\n- Explore existing community posts to engage with students.\n- Propose or create new course modules or projects to expand our offerings.\n\nPlease let me know if you have specific questions or need assistance with any platform features.",
    "metadata": {},
    "tokens_used": 105,
    "created_at": "2025-12-14T15:35:34.343Z"
  }
},
{
  "model": "ai_mentor.aimessage",
  "pk": "c3e77229-3290-48ed-a732-16b717ca297f",
  "fields": {
    "session": "2d629d78-28f7-4ee0-9c5f-e3d96e52ec22",
    "sender": "ai",
    "message": "Error generating response: Invalid Gemini API key. Please check your GOOGLE_GEMINI_API_KEY in .env or use OpenRouter instead.. Please check your API key configuration.",
    "metadata": {},
    "tokens_used": 0,
    "created_at": "2025-12-14T07:13:08.303Z"
  }
},
{
  "model": "ai_mentor.aimessage",
  "pk": "cbd0cf4f-ce60-463d-8283-5f4bc6add0ce",
  "fields": {
    "session": "b0967175-6da5-4616-92d5-e33444141d9a",
    "sender": "ai",
    "message": "I'm experiencing high traffic right now. Please try again in a moment, or I can help you with: navigating the platform, finding courses, creating projects, or answering general questions about programming!",
    "metadata": {},
    "tokens_used": 34,
    "created_at": "2025-12-13T10:19:11.693Z"
  }
},
{
  "model": "ai_mentor.aimessage",
  "pk": "d0cbaa40-f38e-490b-a875-905ea85228ad",
  "fields": {
    "session": "bc9d0d4d-481e-485e-ba56-cf5a4d5646fb",
    "sender": "user",
    "message": "check admin's profile",
    "metadata": {},
    "tokens_used": 0,
    "created_at": "2025-12-14T05:26:48.107Z"
  }
},
{
  "model": "ai_mentor.aimessage",
  "pk": "d44c3ed8-86a5-4d1a-819b-8173da7993f0",
  "fields": {
    "session": "dfbfb27f-c60a-4971-b92c-e413ffc703ac",
    "sender": "user",
    "message": "go to community and post me Hi i am Renier",
    "metadata": {},
    "tokens_used": 0,
    "created_at": "2025-12-14T15:36:05.111Z"
  }
},
{
  "model": "ai_mentor.aimessage",
  "pk": "d6f0abc7-0653-441e-a244-227470121fe9",
  "fields": {
    "session": "6e627f99-0856-4f76-8db0-9e02b856ac67",
    "sender": "user",
    "message": "finnd me software engineering course and enroll me",
    "metadata": {},
    "tokens_used": 0,
    "created_at": "2025-12-13T08:42:01.138Z"
  }
},
{
  "model": "ai_mentor.aimessage",
  "pk": "d86d4087-9444-4e98-9dc5-669c55082e2c",
  "fields": {
    "session": "6e627f99-0856-4f76-8db0-9e02b856ac67",
    "sender": "ai",
    "message": "Hi Renier! Great to see you on CCIS CodeHub.\n\nI see you're making good progress as a student, currently enrolled in the **Software Engineering** course. You've also been active, contributing 2 **Community Posts** and working on 2 **Projects**!\n\nHow can I assist you today? Perhaps you'd like to:\n- Continue with your **Software Engineering** course.\n- Explore other available courses, such as **Frontend Developer Fundamentals** or **Software Engineering 2**.\n- Check out the active **Project** or interact with the **Community Posts**.\n\nFeel free to ask if you have any questions about your courses, projects, or anything else on the platform!",
    "metadata": {},
    "tokens_used": 101,
    "created_at": "2025-12-13T08:34:48.907Z"
  }
},
{
  "model": "ai_mentor.aimessage",
  "pk": "dafb3f96-c6b7-4df4-8969-29d4b2c260bf",
  "fields": {
    "session": "3e4cc676-d15d-42d0-baaf-53e3fa37fe4f",
    "sender": "user",
    "message": "hello",
    "metadata": {},
    "tokens_used": 0,
    "created_at": "2025-12-14T06:46:33.220Z"
  }
},
{
  "model": "ai_mentor.aimessage",
  "pk": "dba2009d-df96-4b54-8b95-c0646b39f6a8",
  "fields": {
    "session": "16392dd1-06e2-41cc-bf81-a0e4be80e4e3",
    "sender": "ai",
    "message": "I'm temporarily unavailable, but I can still help you navigate the CCIS-CodeHub platform! Try asking about courses, projects, or the community features.",
    "metadata": {
      "intent": "search",
      "search_results": {
        "success": true,
        "query": "find me python course",
        "paths": [],
        "modules": [],
        "total": 0
      }
    },
    "tokens_used": 22,
    "created_at": "2025-12-13T15:03:27.159Z"
  }
},
{
  "model": "ai_mentor.aimessage",
  "pk": "dc042afc-679b-4a86-be4d-4b0b804dec95",
  "fields": {
    "session": "dfbfb27f-c60a-4971-b92c-e413ffc703ac",
    "sender": "ai",
    "message": "AI service is currently unavailable. Rate limits exceeded for all available models. Please try again later.",
    "metadata": {
      "intent": "search",
      "search_results": {
        "success": true,
        "query": "find me a project for me in project page",
        "paths": [],
        "modules": [],
        "total": 0
      }
    },
    "tokens_used": 16,
    "created_at": "2025-12-14T15:48:37.239Z"
  }
},
{
  "model": "ai_mentor.aimessage",
  "pk": "dcc171d1-8a62-4e7d-b490-f3cc78510a6d",
  "fields": {
    "session": "9dee8757-144c-4d1c-8e56-c5a298df1681",
    "sender": "user",
    "message": "find me software engineering course",
    "metadata": {},
    "tokens_used": 0,
    "created_at": "2025-12-10T04:57:21.790Z"
  }
},
{
  "model": "ai_mentor.aimessage",
  "pk": "dcd38acb-f2e3-4a09-a881-929ed2b7df17",
  "fields": {
    "session": "6b47ddf2-fca1-42b0-a6cd-709371f649da",
    "sender": "user",
    "message": "can you list here what projects are available for me?",
    "metadata": {},
    "tokens_used": 0,
    "created_at": "2025-12-13T10:18:29.837Z"
  }
},
{
  "model": "ai_mentor.aimessage",
  "pk": "e9b7ed8f-23d8-42b7-b516-ede6afea784b",
  "fields": {
    "session": "b0967175-6da5-4616-92d5-e33444141d9a",
    "sender": "user",
    "message": "check kimmy's profile",
    "metadata": {},
    "tokens_used": 0,
    "created_at": "2025-12-13T10:19:10.295Z"
  }
},
{
  "model": "ai_mentor.aimessage",
  "pk": "ec953bc2-0ef7-457f-9a71-569e2f53fba1",
  "fields": {
    "session": "3e4cc676-d15d-42d0-baaf-53e3fa37fe4f",
    "sender": "user",
    "message": "hi",
    "metadata": {},
    "tokens_used": 0,
    "created_at": "2025-12-14T07:10:13.564Z"
  }
},
{
  "model": "ai_mentor.aimessage",
  "pk": "ee5091b8-f639-4dd4-8312-49d6e7d4f43e",
  "fields": {
    "session": "dda17a0f-0984-4ee3-ab4a-0620c667c1d0",
    "sender": "ai",
    "message": "I'm here to help! While my AI connection is being configured, I can still assist you. What programming topic would you like to explore? Try asking about Python, JavaScript, React, Django, or any other technology!",
    "metadata": {},
    "tokens_used": 36,
    "created_at": "2025-11-10T03:39:22.707Z"
  }
},
{
  "model": "ai_mentor.aimessage",
  "pk": "ee66342f-3f06-4e32-9051-94175e93d998",
  "fields": {
    "session": "dfbfb27f-c60a-4971-b92c-e413ffc703ac",
    "sender": "user",
    "message": "yes please",
    "metadata": {},
    "tokens_used": 0,
    "created_at": "2025-12-14T15:41:50.352Z"
  }
},
{
  "model": "ai_mentor.aimessage",
  "pk": "f0714991-e363-4bec-afc6-cbea7d09e316",
  "fields": {
    "session": "3e4cc676-d15d-42d0-baaf-53e3fa37fe4f",
    "sender": "ai",
    "message": "Error generating response: Invalid Gemini API key. Please check your GOOGLE_GEMINI_API_KEY in .env or use OpenRouter instead.. Please check your API key configuration.",
    "metadata": {},
    "tokens_used": 0,
    "created_at": "2025-12-14T07:03:16.577Z"
  }
},
{
  "model": "ai_mentor.aimessage",
  "pk": "f0f1c80f-bb90-42de-b018-345f5dba1555",
  "fields": {
    "session": "dfbfb27f-c60a-4971-b92c-e413ffc703ac",
    "sender": "ai",
    "message": "Error generating response: Gemini rate limit exceeded. Try again later or switch to OpenRouter.. Please check your API key configuration.",
    "metadata": {},
    "tokens_used": 0,
    "created_at": "2025-12-14T15:36:29.842Z"
  }
},
{
  "model": "ai_mentor.aimessage",
  "pk": "f2f31fc3-87a7-415a-a02d-f8ec3dbea9b5",
  "fields": {
    "session": "6e627f99-0856-4f76-8db0-9e02b856ac67",
    "sender": "user",
    "message": "how about in software engineering 2?",
    "metadata": {},
    "tokens_used": 0,
    "created_at": "2025-12-13T08:43:04.112Z"
  }
},
{
  "model": "ai_mentor.aimessage",
  "pk": "fbe8cfcb-5c09-4ad8-b598-f0c0d6571783",
  "fields": {
    "session": "6b47ddf2-fca1-42b0-a6cd-709371f649da",
    "sender": "ai",
    "message": "I'm experiencing high traffic right now. Please try again in a moment, or I can help you with: navigating the platform, finding courses, creating projects, or answering general questions about programming!",
    "metadata": {},
    "tokens_used": 41,
    "created_at": "2025-12-13T10:18:31.409Z"
  }
}
]
